English,French,Gujarati,Hindi
to be,être,હોવું,होना
I,je,હું,मैं
of / from,de,નું / થી,का / से
not,ne,નહીં,नहीं
to have,avoir,પાસે હોવું,पास होना
not / step,pas,નહીં / પગલું,नहीं / क़दम
the (feminine),la,તે,वह
you (singular),tu,તું,तुम
the (masculine),le,તે,वह
you (plural / formal),vous,તમે,आप
he / it,il,તે,वह
and,et,અને,और
to / at,à,ને / પર,को / पर
a / one,un,એક,एक
to go,aller,જવું,जाना
it / that,ça,આ / તે,यह / वह
to do / to make,faire,કરવું / બનાવવું,करना / बनाना
the (plural),les,તે,वे
we / one,on,અમે / કોઈ,हम / कोई
a / one,une,એક,एक
for,pour,માટે,के लिए
some,des,કેટલાક,कुछ
to say,dire,કહેવું,कहना
in / of it,en,માં / એનું,में / इसका
to be able,pouvoir,શકવું,सकना
who / that,qui,કોણ / જે,कौन / जो
to want,vouloir,ઇચ્છવું,चाहना
this / it,ce,આ,यह
but,mais,પરંતુ,लेकिन
me / to me,me,મને,मुझे
we / us,nous,અમે,हम
in,dans,માં,में
she / it,elle,તે,वह
to know,savoir,જાણવું,जानना
of the / some,du,નું / થોડું,का / थोड़ा
there / to it,y,ત્યાં / એમાં,वहाँ / उसमें
well,bien,સારી રીતે,अच्छे से
to see,voir,જોવું,देखना
that / what,que,કે / શું,कि / क्या
more,plus,વધુ,ज़्यादा
no,non,ના,नहीं
you / to you,te,તને,तुम्हें
my,mon,મારું,मेरा
to the / at the,au,ને / પર,को / पर
with,avec,સાથે,के साथ
me,moi,મને,मुझे
to have to,devoir,કરવું પડવું,करना पड़ना
yes,oui,હા,हाँ
they,ils,તેઓ,वे
all / everything,tout,બધું,सब
oneself,se,પોતે,खुद
to come,venir,આવવું,आना
on,sur,પર,पर
you,toi,તું,तुम
here,ici,અહીં,यहाँ
nothing,rien,કંઈ નહીં,कुछ नहीं
my,ma,મારી,मेरी
like / as,comme,જેવું,जैसा
him / to him,lui,તેને,उसे
where,où,ક્યાં,कहाँ
if / so,si,જો / એટલું,अगर / इतना
there,là,ત્યાં,वहाँ
to follow,suivre,પીછો કરવો,पीछा करना
to speak,parler,બોલવું,बोलना
to take,prendre,લેવું,लेना
this,cette,આ,यह
your,votre,તમારું,आपका
when,quand,જ્યારે,जब
then / so,alors,ત્યારે / તો,तब / तो
thing,chose,વસ્તુ,चीज़
by / through,par,થી / દ્વારા,से / द्वारा
his / her,son,તેનું,उसका
your,ton,તારું,तुम्हारा
to believe,croire,માનવું,मानना
to love / to like,aimer,પ્રેમ કરવો / પસંદ કરવું,प्यार करना / पसंद करना
to be necessary,falloir,જરૂરી હોવું,ज़रूरी होना
very,très,બહુ,बहुत
or,ou,અથવા,या
what,quoi,શું,क्या
good,bon,સારું,अच्छा
to pass,passer,પસાર થવું,गुज़रना
to think,penser,વિચારવું,सोचना
also / too,aussi,પણ,भी
never,jamais,કદી નહીં,कभी नहीं
to wait,attendre,રાહ જોવી,इंतज़ार करना
why,pourquoi,કેમ,क्यों
to find,trouver,શોધી કાઢવું,पाना
to leave / to let,laisser,છોડવું,छोड़ना
his / her,sa,તેની,उसकी
your,ta,તારી,तुम्हारी
to arrive / to happen,arriver,પહોંચવું / થવું,पहुँचना / होना
these,ces,આ,ये
to give,donner,આપવું,देना
to look / to watch,regarder,જોવું,देखना
again / still,encore,ફરી / હજી,फिर / अभी भी
to call,appeler,બોલાવવું,बुलाना
man,homme,માણસ,आदमी
to leave,partir,નીકળવું,निकलना
small,petit,નાનું,छोटा
my,mes,મારાં,मेरे
always,toujours,હંમેશા,हमेशा
day,jour,દિવસ,दिन
woman / wife,femme,સ્ત્રી / પત્ની,औरत / पत्नी
time / weather,temps,સમય / હવામાન,समय / मौसम
now,maintenant,હવે,अब
our,notre,અમારું,हमारा
life,vie,જિંદગી,ज़िंदगी
two,deux,બે,दो
to put,mettre,મૂકવું,रखना
to stay,rester,રહેવું,रहना
without,sans,વગર,बिना
to stop,arrêter,રોકવું,रोकना
really,vraiment,સાચે જ,वाक़ई
to know,connaître,ઓળખવું,पहचानना
sure,sûr,ચોક્કસ,पक्का
to kill,tuer,મારી નાખવું,मार डालना
how,comment,કેવી રીતે,कैसे
to die,mourir,મરવું,मरना
to ask,demander,પૂછવું,पूछना
even / same,même,પણ / એ જ,भी / वही
maybe,peut-être,કદાચ,शायद
god,dieu,ભગવાન,भगवान
time (occasion),fois,વાર,बार
father,père,પિતા,पिता
little / few,peu,થોડું,थोड़ा
to understand,comprendre,સમજવું,समझना
alone / only,seul,એકલું,अकेला
some,quelque,કોઈ,कुछ
to go out,sortir,બહાર જવું,बाहर जाना
year,an,વર્ષ,साल
too much,trop,બહુ વધારે,बहुत ज़्यादा
at the home of,chez,ના ઘરે,के घर
girl / daughter,fille,છોકરી / દીકરી,लड़की / बेटी
to the,aux,ને,को
world,monde,દુનિયા,दुनिया
true,vrai,સાચું,सच्चा
other,autre,બીજું,दूसरा
need,besoin,જરૂર,ज़रूरत
agreement,accord,સંમતિ,सहमति
his / her,ses,તેનાં,उसके
friend,ami,મિત્ર,दोस्त
sir,monsieur,સાહેબ,साहब
child,enfant,બાળક,बच्चा
to hear,entendre,સાંભળવું,सुनना
here it is,voilà,આ લે,यह लो
to look for,chercher,શોધવું,ढूँढ़ना
hour,heure,કલાક,घंटा
your,tes,તારાં,तुम्हारे
to help,aider,મદદ કરવી,मदद करना
mother,mère,માતા,माँ
already,déjà,પહેલેથી,पहले ही
beautiful,beau,સુંદર,सुंदर
to try,essayer,કોશિશ કરવી,कोशिश करना
which / what,quel,કયું,कौन सा
just / fair,juste,ફક્ત / સાચું,सिर्फ़ / सही
better,mieux,વધુ સારું,बेहतर
your (plural),vos,તમારાં,आपके
big / tall,grand,મોટું,बड़ा
someone,quelqu'un,કોઈ,कोई
a lot,beaucoup,ઘણું,बहुत
to come back,revenir,પાછું આવવું,वापस आना
so / therefore,donc,તો / તેથી,तो / इसलिए
to please,plaire,ગમવું,पसंद आना
house,maison,ઘર,घर
people,gens,લોકો,लोग
after,après,પછી,बाद
night,nuit,રાત,रात
nobody / person,personne,કોઈ નહીં / વ્યક્તિ,कोई नहीं / व्यक्ति
evening,soir,સાંજ,शाम
name,nom,નામ,नाम
hello,bonjour,નમસ્તે,नमस्ते
to play,jouer,રમવું,खेलना
to finish,finir,પૂરું કરવું,ख़त्म करना
fear,peur,ડર,डर
to lose,perdre,ગુમાવવું,खोना
mom,maman,મમ્મી,मम्मी
to feel / to smell,sentir,અનુભવવું / સૂંઘવું,महसूस करना / सूँघना
yeah,ouais,હા,हाँ
to go home,rentrer,ઘરે જવું,घर जाना
before,avant,પહેલાં,पहले
our (plural),nos,અમારાં,हमारे
problem,problème,સમસ્યા,समस्या
money,argent,પૈસા,पैसा
which / what,quelle,કઈ,कौन सी
to live,vivre,જીવવું,जीना
to give back,rendre,પાછું આપવું,वापस देना
to hold,tenir,પકડવું,पकड़ना
this,cet,આ,यह
hand,main,હાથ,हाथ
that,cela,તે,वह
quickly,vite,ઝડપથી,जल्दी
to forget,oublier,ભૂલવું,भूलना
air / appearance,air,હવા / દેખાવ,हवा / रूप
since,depuis,થી,से
son / thread,fils,દીકરો / દોરો,बेटा / धागा
to work,travailler,કામ કરવું,काम करना
less,moins,ઓછું,कम
head,tête,માથું,सिर
blow,coup,ફટકો,वार
to listen,écouter,સાંભળવું,सुनना
reason,raison,કારણ,वजह
to eat,manger,ખાવું,खाना
death,mort,મોત,मौत
love,amour,પ્રેમ,प्यार
badly / pain,mal,ખરાબ રીતે / દુખાવો,बुरी तरह / दर्द
to enter,entrer,અંદર જવું,अंदर जाना
to become,devenir,બનવું,बनना
to begin,commencer,શરૂ કરવું,शुरू करना
moment,moment,ક્ષણ,पल
last,dernier,છેલ્લું,आख़िरी
car,voiture,ગાડી,गाड़ी
tomorrow,demain,કાલે,कल
they (feminine),elles,તેઓ,वे
to pay,payer,ચૂકવવું,चुकाना
to pull / to shoot,tirer,ખેંચવું / ગોળી મારવી,खींचना / गोली मारना
to open,ouvrir,ખોલવું,खोलना
eye,oeil,આંખ,आँख
fact,fait,હકીકત,हक़ीक़त
to change,changer,બદલવું,बदलना
question,question,સવાલ,सवाल
to fall,tomber,પડવું,गिरना
enough,assez,પૂરતું,काफ़ी
to fuck / to do,foutre,ચોદવું / કરવું,चोदना / करना
to excuse,excuser,માફ કરવું,माफ़ करना
matter / business,affaire,બાબત / ધંધો,मामला / धंधा
to sleep,dormir,સૂવું,सोना
how much,combien,કેટલું,कितना
brother,frère,ભાઈ,भाई
work,travail,કામ,काम
idea,idée,વિચાર,विचार
family,famille,પરિવાર,परिवार
thing / stuff,truc,ચીજ,चीज़
three,trois,ત્રણ,तीन
so much,tant,એટલું,इतना
thank you,merci,આભાર,शुक्रिया
nor,ni,ન,न
first,premier,પહેલું,पहला
all,tous,બધા,सब
to take care of / to occupy,occuper,સંભાળવું / કબજે કરવું,संभालना / क़ब्ज़ा करना
between,entre,વચ્ચે,बीच
to walk,marcher,ચાલવું,चलना
luck,chance,નસીબ,क़िस्मत
today,aujourd'hui,આજે,आज
to send,envoyer,મોકલવું,भेजना
story,histoire,વાર્તા,कहानी
late,tard,મોડું,देर
to learn,apprendre,શીખવું,सीखना
minute,minute,મિનિટ,मिनट
to drink,boire,પીવું,पीना
to keep,garder,રાખવું,रखना
a few,quelques,થોડાં,कुछ
guy / type,type,માણસ / પ્રકાર,आदमी / क़िस्म
door,porte,દરવાજો,दरवाज़ा
to show,montrer,બતાવવું,दिखाना
guy,mec,ભાઈ,बंदा
to sit,asseoir,બેસવું,बैठना
crazy / madman,fou,પાગલ,पागल
to carry / to wear,porter,લઈ જવું / પહેરવું,ले जाना / पहनना
year,année,વર્ષ,साल
under,sous,નીચે,नीचे
to remember,souvenir,યાદ રાખવું,याद रखना
ready,prêt,તૈયાર,तैयार
against,contre,વિરુદ્ધ,ख़िलाफ़
to pray,prier,પ્રાર્થના કરવી,प्रार्थना करना
during,pendant,દરમિયાન,दौरान
month,mois,મહિનો,महीना
to serve,servir,સેવા કરવી,सेवा करना
madam,madame,મેડમ,मैडम
whore / damn,putain,રંડી / સાલું,रंडी / साला
to write,écrire,લખવું,लिखना
share / part,part,ભાગ,हिस्सा
water,eau,પાણી,पानी
blood,sang,લોહી,ख़ून
place / seat,place,જગ્યા,जगह
to hope,espérer,આશા રાખવી,उम्मीद करना
to be sorry,désoler,અફસોસ થવો,अफ़सोस होना
young,jeune,જુવાન,जवान
them,eux,તેમને,उन्हें
to find again / to meet up,retrouver,ફરી મળવું,फिर मिलना
city,ville,શહેર,शहर
earth / ground,terre,ધરતી / જમીન,धरती / ज़मीन
to win / to earn,gagner,જીતવું / કમાવું,जीतना / कमाना
week,semaine,અઠવાડિયું,हफ़्ता
to buy,acheter,ખરીદવું,ख़रीदना
a long time,longtemps,લાંબા સમય સુધી,बहुत समय तक
guy / lad,gars,યાર,यार
room / bedroom,chambre,રૂમ,कमरा
side,côté,બાજુ,तरफ़
their / to them,leur,તેમનું / તેમને,उनका / उन्हें
old,vieux,જૂનું,पुराना
to remind / to call back,rappeler,યાદ કરાવવું,याद दिलाना
to read,lire,વાંચવું,पढ़ना
case,cas,કિસ્સો,मामला
word,mot,શબ્દ,शब्द
only,seulement,ફક્ત,सिर्फ़
here is,voici,આ છે,यह है
hi,salut,હેલો,हैलो
to go up,monter,ચઢવું,चढ़ना
sorry,désolé,માફ કરો,माफ़ करें
to leave behind,quitter,છોડી જવું,छोड़ जाना
police,police,પોલીસ,पुलिस
continuation,suite,આગળનો ભાગ,अगला हिस्सा
morning,matin,સવાર,सुबह
to take along,emmener,સાથે લઈ જવું,साथ ले जाना
to touch,toucher,અડવું,छूना
to continue,continuer,ચાલુ રાખવું,जारी रखना
fat / big,gros,જાડું / મોટું,मोटा / बड़ा
finally,enfin,આખરે,आख़िरकार
husband,mari,પતિ,पति
over there,là-bas,ત્યાં દૂર,उधर
goodbye / to see again,revoir,આવજો / ફરી જોવું,अलविदा / फिर देखना
to matter,importer,ફરક પડવો,मायने रखना
dad,papa,પપ્પા,पापा
then,puis,પછી,फिर
train,train,ટ્રેન,ट्रेन
to miss,manquer,ચૂકી જવું,चूक जाना
to tell,raconter,વાત કહેવી,सुनाना
together,ensemble,એકસાથે,एक साथ
bad,mauvais,ખરાબ,बुरा
film,film,ફિલ્મ,फ़िल्म
to answer,répondre,જવાબ આપવો,जवाब देना
boy,garçon,છોકરો,लड़का
body,corps,શરીર,शरीर
the one,celui,તે,वह
others,autres,બીજાં,दूसरे
happy,heureux,સુખી,ख़ुश
far,loin,દૂર,दूर
to save,sauver,બચાવવું,बचाना
each,chaque,દરેક,हर
to return,retourner,પાછું જવું,वापस जाना
their,leurs,તેમનાં,उनके
to meet,rencontrer,મળવું,मिलना
heart,coeur,દિલ,दिल
to fly / to steal,voler,ઉડવું / ચોરવું,उड़ना / चुराना
to close,fermer,બંધ કરવું,बंद करना
because,car,કારણ કે,क्योंकि
to be worth,valoir,કિંમત હોવી,क़ीमत होना
to go down,descendre,ઉતરવું,उतरना
ok,ok,ઠીક,ठीक
fire,feu,આગ,आग
doctor,docteur,ડૉક્ટર,डॉक्टर
to be enough,suffire,પૂરતું હોવું,काफ़ी होना
way / manner,façon,રીત,तरीक़ा
new,nouveau,નવું,नया
important,important,મહત્ત્વનું,ज़रूरी
to seem,sembler,લાગવું,लगना
to count,compter,ગણવું,गिनना
towards,vers,તરફ,की ओर
pretty,joli,રૂપાળું,प्यारा
point / dot,point,મુદ્દો / બિંદુ,मुद्दा / बिंदु
yesterday,hier,ગઈકાલે,कल
dog,chien,કૂતરો,कुत्ता
whose / of which,dont,જેનું,जिसका
war,guerre,યુદ્ધ,जंग
kind / type,genre,પ્રકાર,तरह
best,meilleur,સૌથી સારું,सबसे अच्छा
to marry,marier,પરણવું,शादी करना
weapon,arme,હથિયાર,हथियार
cause,cause,કારણ,कारण
place / spot,endroit,સ્થળ,जगह
order,ordre,આદેશ,हुक्म
to put down,poser,નીચે મૂકવું,रख देना
rest / remainder,reste,બાકીનું,बाक़ी
foot,pied,પગ,पैर
desire,envie,ઇચ્છા,इच्छा
end,fin,અંત,अंत
shit,merde,ગૂ,गू
to worry,inquiéter,ચિંતા કરવી,चिंता करना
to move,bouger,હલવું,हिलना
rather,plutôt,તેના બદલે,बल्कि
to bring,apporter,લાવવું,लाना
photo,photo,ફોટો,फ़ोटो
full,plein,ભરેલું,भरा
in front of,devant,સામે,सामने
to decide,décider,નક્કી કરવું,तय करना
thus / so,ainsi,આમ,इस तरह
right / straight,droit,અધિકાર / સીધું,अधिकार / सीधा
no / none,aucune,કોઈ નહીં,कोई नहीं
to sell,vendre,વેચવું,बेचना
school,école,શાળા,स्कूल
expensive / dear,cher,મોંઘું / વહાલું,महँगा / प्यारा
boss,chef,માલિક,मालिक
to turn,tourner,ફેરવવું,घुमाना
to hide,cacher,છુપાવવું,छिपाना
job,boulot,નોકરી,नौकरी
country,pays,દેશ,देश
those,ceux,તે,वे
possible,possible,શક્ય,मुमकिन
to explain,expliquer,સમજાવવું,समझाना
to beat,battre,મારવું,पीटना
sorrow / trouble,peine,દુઃખ / તકલીફ,दुख / तकलीफ़
book / pound,livre,પુસ્તક / પાઉન્ડ,किताब / पाउंड
to act,agir,વર્તવું,बर्ताव करना
to imagine,imaginer,કલ્પના કરવી,कल्पना करना
turn / tower,tour,વારો / ટાવર,बारी / मीनार
to adore,adorer,ખૂબ ગમવું,बहुत पसंद करना
truth,vérité,સત્ય,सच
to receive,recevoir,મેળવવું,प्राप्त करना
kind,gentil,દયાળુ,दयालु
to throw,jeter,ફેંકવું,फेंकना
to cry,pleurer,રડવું,रोना
baby,bébé,નાનું બાળક,नन्हा बच्चा
part,partie,ભાગ,भाग
new (feminine),nouvelle,નવી,नई
game,jeu,રમત,खेल
to bring (someone),amener,લઈ આવવું,ले आना
instant,instant,પળ,क्षण
parent / relative,parent,માતાપિતા / સંબંધી,माता-पिता / रिश्तेदार
hard,dur,કઠણ,सख़्त
service,service,સેવા,सेवा
pleasure,plaisir,આનંદ,आनंद
to promise,promettre,વચન આપવું,वादा करना
to lie,mentir,જૂઠું બોલવું,झूठ बोलना
sister,soeur,બહેન,बहन
soon,bientôt,જલદી,जल्द
bed,lit,પલંગ,बिस्तर
so much,tellement,એટલું બધું,इतना ज़्यादा
to use,utiliser,વાપરવું,इस्तेमाल करना
place,lieu,સ્થાન,स्थान
to lie down,coucher,સૂઈ જવું,लेटना
almost,presque,લગભગ,लगभग
outside,dehors,બહાર,बाहर
to prefer,préférer,વધુ પસંદ કરવું,ज़्यादा पसंद करना
glad,content,ખુશ,ख़ुश
poor,pauvre,ગરીબ,ग़रीब
to offer,offrir,આપવું,पेश करना
king,roi,રાજા,राजा
glass,verre,ગ્લાસ,गिलास
to wake up,réveiller,જગાડવું,जगाना
no / none,aucun,કોઈ નહીં,कोई नहीं
help,aide,મદદ,मदद
first,d'abord,સૌથી પહેલાં,सबसे पहले
day (daytime),journée,દિવસ,दिन
to prepare,préparer,તૈયાર કરવું,तैयार करना
number,numéro,નંબર,नंबर
to allow,permettre,પરવાનગી આપવી,इजाज़त देना
to bring back,ramener,પાછું લાવવું,वापस लाना
to remove,enlever,કાઢી નાખવું,हटाना
darling,chéri,વહાલું,जान
strong / loudly,fort,મજબૂત / જોરથી,मज़बूत / ज़ोर से
to let go,lâcher,છોડી દેવું,छोड़ देना
to choose,choisir,પસંદ કરવું,चुनना
music,musique,સંગીત,संगीत
to drive,conduire,ચલાવવું,चलाना
mistake / fault,faute,ભૂલ,ग़लती
to calm,calmer,શાંત કરવું,शांत करना
marriage / wedding,mariage,લગ્ન,शादी
office / desk,bureau,ઑફિસ / ટેબલ,दफ़्तर / मेज़
road,route,રસ્તો,रास्ता
to sing,chanter,ગાવું,गाना
to disappear,disparaître,ગાયબ થવું,गायब होना
to raise,lever,ઊંચકવું,उठाना
to introduce,présenter,ઓળખાણ કરાવવી,परिचय कराना
to accept,accepter,સ્વીકારવું,स्वीकार करना
otherwise,sinon,નહીં તો,वरना
long,long,લાંબું,लंबा
coffee,café,કૉફી,कॉफ़ी
clean / own,propre,સ્વચ્છ / પોતાનું,साफ़ / अपना
trust,confiance,વિશ્વાસ,भरोसा
five,cinq,પાંચ,पाँच
good evening,bonsoir,શુભ સાંજ,शुभ संध्या
account,compte,ખાતું,खाता
telephone,téléphone,ફોન,फ़ोन
to break,casser,તોડવું,तोड़ना
next,prochain,આગલું,अगला
to hit / to knock,frapper,ફટકારવું / ખટખટાવવું,मारना / खटखटाना
easy,facile,સહેલું,आसान
dream,rêve,સપનું,सपना
friend / boyfriend,copain,દોસ્ત / પ્રેમી,दोस्त / प्रेमी
attention,attention,ધ્યાન,ध्यान
sick,malade,બીમાર,बीमार
street,rue,શેરી,सड़क
letter,lettre,પત્ર,चिट्ठी
to ignore,ignorer,અવગણવું,नज़रअंदाज़ करना
party / celebration,fête,પાર્ટી / ઉજવણી,पार्टी / जश्न
mind / spirit,esprit,મન / આત્મા,मन / आत्मा
to cut,couper,કાપવું,काटना
great,super,જબરદસ્ત,ज़बरदस्त
to be quiet,taire,ચૂપ રહેવું,चुप रहना
lord,seigneur,પ્રભુ,प्रभु
cop,flic,પોલીસવાળો,पुलिसवाला
sometimes,parfois,કોઈ વાર,कभी-कभी
captain,capitaine,કૅપ્ટન,कप्तान
age,âge,ઉંમર,उम्र
as much,autant,એટલું જ,इतना ही
strength,force,તાકાત,ताक़त
room / piece,pièce,રૂમ / ટુકડો,कमरा / टुकड़ा
four,quatre,ચાર,चार
ass,cul,ગાંડ,गांड
difficult,difficile,મુશ્કેલ,मुश्किल
arm,bras,બાવડું,बाँह
to deceive,tromper,છેતરવું,धोखा देना
especially,surtout,ખાસ કરીને,ख़ासकर
to resemble,ressembler,સરખું લાગવું,जैसा दिखना
to swear,jurer,સોગંદ ખાવા,क़सम खाना
plan,plan,યોજના,योजना
prison,prison,જેલ,जेल
dirty,sale,ગંદું,गंदा
to run,courir,દોડવું,दौड़ना
state,état,સ્થિતિ,हालत
to put back / to hand over,remettre,પાછું મૂકવું / સોંપવું,वापस रखना / सौंपना
card / map,carte,કાર્ડ / નકશો,कार्ड / नक़्शा
peace,paix,શાંતિ,शांति
black,noir,કાળો,काला
exactly,exactement,બરાબર,ठीक-ठीक
funny,drôle,રમૂજી,मज़ाकिया
to refuse,refuser,ના પાડવી,मना करना
from,dès,થી,से
president,président,રાષ્ટ્રપતિ,राष्ट्रपति
class / course,cours,ક્લાસ / કોર્સ,क्लास / कोर्स
serious,grave,ગંભીર,गंभीर
to finish,terminer,પૂરું કરવું,ख़त्म करना
sky,ciel,આકાશ,आसमान
everywhere,partout,બધે,हर जगह
soul,âme,આત્મા,आत्मा
boss,patron,બોસ,बॉस
to have fun,amuser,મજા કરવી,मज़े करना
that one (feminine),celle,તે વાળી,वह वाली
face,visage,ચહેરો,चेहरा
to take interest,intéresser,રસ લેવો,दिलचस्पी लेना
to recognize,reconnaître,ઓળખવું,पहचानना
to laugh / laughter,rire,હસવું / હાસ્ય,हँसना / हँसी
doctor,médecin,ડૉક્ટર,डॉक्टर
report / relationship,rapport,રિપોર્ટ / સંબંધ,रिपोर्ट / संबंध
to forgive,pardonner,માફ કરવું,माफ़ करना
opinion,avis,અભિપ્રાય,राय
to kiss,embrasser,ચુંબન કરવું,चूमना
return,retour,પરત,वापसी
simple,simple,સરળ,सरल
to dance,danser,નાચવું,नाचना
to exist,exister,અસ્તિત્વમાં હોવું,मौजूद होना
different,différent,જુદો,अलग
often,souvent,વારંવાર,अक्सर
light,lumière,પ્રકાશ,रोशनी
great / awesome,génial,જબરદસ્ત,ज़बरदस्त
free,libre,મુક્ત,आज़ाद
near,près,નજીક,पास
dollar,dollar,ડૉલર,डॉलर
surely,sûrement,જરૂર,ज़रूर
same / alike,pareil,સરખું,एक जैसा
other / others,d'autres,બીજા,दूसरे
hospital,hôpital,હોસ્પિટલ,अस्पताल
this,ceci,આ,यह
to succeed,réussir,સફળ થવું,सफल होना
weird,bizarre,અજીબ,अजीब
voice,voix,અવાજ,आवाज़
to protect,protéger,બચાવવું,बचाना
honor,honneur,ઇજ્જત,इज़्ज़त
early,tôt,વહેલું,जल्दी
team,équipe,ટીમ,टीम
to warn,prévenir,ચેતવવું,चेतावनी देना
horse,cheval,ઘોડો,घोड़ा
elsewhere,ailleurs,બીજે ક્યાંક,कहीं और
master,maître,માલિક,मालिक
plane,avion,વિમાન,हवाई जहाज़
end / tip,bout,છેડો,सिरा
to live (reside),habiter,રહેવું,रहना
hunger,faim,ભૂખ,भूख
then / next,ensuite,પછી,फिर
one (of them),l'un,એક,एक
cold,froid,ઠંડું,ठंडा
normal,normal,સામાન્ય,सामान्य
to disturb,déranger,હેરાન કરવું,परेशान करना
to take back / to resume,reprendre,પાછું લેવું / ફરી શરૂ કરવું,वापस लेना / फिर शुरू करना
uncle,oncle,કાકા,चाचा
price / prize,prix,કિંમત / ઇનામ,क़ीमत / इनाम
delay,retard,વિલંબ,देरी
to destroy,détruire,નાશ કરવો,तबाह करना
gift,cadeau,ભેટ,तोहफ़ा
to push,pousser,ધક્કો મારવો,धक्का देना
face / side,face,ચહેરો / બાજુ,चेहरा / तरफ़
mug / snout,gueule,થોબડું,थोबड़ा
path,chemin,રસ્તો,रास्ता
alive,vivant,જીવતું,ज़िंदा
general (officer) / general,général,જનરલ / સામાન્ય,जनरल / सामान्य
boat,bateau,હોડી,नाव
million,million,દસ લાખ,दस लाख
bag,sac,થેલો,थैला
second,seconde,સેકન્ડ,सेकंड
impossible,impossible,અશક્ય,नामुमकिन
to discover,découvrir,શોધવું,खोजना
mistake,erreur,ભૂલ,ग़लती
sun,soleil,સૂરજ,सूरज
trip,voyage,મુસાફરી,यात्रा
to jump,sauter,કૂદવું,कूदना
to dream,rêver,સપનું જોવું,सपना देखना
to hate,détester,નફરત કરવી,नफ़रत करना
clear,clair,સ્પષ્ટ,साफ़
idiot / stupid,con,બેવકૂફ,बेवकूफ़
false / fake,faux,ખોટું / નકલી,झूठा / नकली
to seem,paraître,લાગવું,लगना
ball / bullet,balle,દડો / ગોળી,गेंद / गोली
to prevent,empêcher,રોકવું,रोकना
to maintain,maintenir,જાળવવું,बनाए रखना
hair,cheveu,વાળ,बाल
paper,papier,કાગળ,काग़ज़
subject,sujet,વિષય,विषय
to suppose,supposer,માની લેવું,मान लेना
quiet,tranquille,શાંત,शांत
to marry,épouser,લગ્ન કરવું,शादी करना
white,blanc,સફેદ,सफ़ेद
table,table,ટેબલ,मेज़
all / every,toute,બધું,सब
ten,dix,દસ,दस
key,clé,ચાવી,चाबी
agent,agent,એજન્ટ,एजेंट
to approach,approcher,નજીક આવવું,पास आना
meaning / direction,sens,અર્થ / દિશા,मतलब / दिशा
to fear,craindre,ડરવું,डरना
six,six,છ,छह
message,message,સંદેશો,संदेश
to shout,crier,બૂમ પાડવી,चिल्लाना
room / hall,salle,ઓરડો / હૉલ,कमरा / हॉल
to invite,inviter,બોલાવવું,बुलाना
effect,effet,અસર,असर
to think,réfléchir,વિચારવું,सोचना
kind / species,espèce,જાત / પ્રજાતિ,क़िस्म / प्रजाति
to arrange / to fix,arranger,ગોઠવવું / ઠીક કરવું,इंतज़ाम करना / ठीक करना
to be born,naître,જન્મવું,जन्म लेना
past / previous,passé,ભૂતકાળ / પાછલું,अतीत / पिछला
wood,bois,લાકડું,लकड़ी
remark,propos,વાત,बात
camp,camp,કૅમ્પ,कैंप
kind / sort,sorte,પ્રકાર,तरह
hotel,hôtel,હોટેલ,होटल
beginning,début,શરૂઆત,शुरुआत
to suffer,souffrir,પીડાવું,तकलीफ़ सहना
leg,jambe,પગ,टाँग
to thank,remercier,આભાર માનવો,धन्यवाद देना
choice,choix,પસંદગી,विकल्प
safety,sécurité,સુરક્ષા,सुरक्षा
to kiss / kiss,baiser,ચુંબન કરવું / ચુંબન,चूमना / चुंबन
lawyer,avocat,વકીલ,वकील
to catch,attraper,પકડવું,पकड़ना
customer,client,ગ્રાહક,ग्राहक
current,courant,પ્રવાહ,धारा
to hurry,dépêcher,ઉતાવળ કરવી,जल्दी करना
people,peuple,લોકો,लोग
lady,dame,સ્ત્રી,महिला
on top / above,dessus,ઉપર,ऊपर
to abandon / to give up,abandonner,છોડી દેવું,छोड़ देना
to check,vérifier,તપાસવું,जाँचना
newspaper,journal,છાપું,अख़बार
serious,sérieux,ગંભીર,गंभीर
gold,or,સોનું,सोना
to burn,brûler,બાળવું,जलाना
law,loi,કાયદો,क़ानून
bottom,fond,તળિયું,तल
kid,gosse,છોકરું,बच्चा
cash,fric,પૈસા,पैसा
situation,situation,પરિસ્થિતિ,हालत
except,sauf,સિવાય,सिवाय
accident,accident,અકસ્માત,दुर्घटना
doubt,doute,શંકા,शक
scene,scène,દૃશ્ય,दृश्य
soldier,soldat,સૈનિક,सिपाही
in love,amoureux,પ્રેમમાં,प्यार में
to assure,assurer,ખાતરી આપવી,भरोसा दिलाना
proof,preuve,પુરાવો,सबूत
human,humain,માણસ,इंसान
sea,mer,સમુદ્ર,समुद्र
silence,silence,મૌન,चुप्पी
TV,télé,ટીવી,टीवी
victim,victime,પીડિત,पीड़ित
completely,complètement,સંપૂર્ણપણે,पूरी तरह
whore,pute,વેશ્યા,वेश्या
calm,calme,શાંતિ,शांति
behind,derrière,પાછળ,पीछे
guard,garde,ચોકીદાર,पहरेदार
murder,meurtre,ખૂન,हत्या
group,groupe,જૂથ,समूह
crime,crime,ગુનો,अपराध
to treat,traiter,વર્તવું,व्यवहार करना
gently,doucement,ધીમેથી,धीरे
to hurt,blesser,ઘાયલ કરવું,घायल करना
colonel,colonel,કર્નલ,कर्नल
certain / some,certain,ચોક્કસ / કેટલાક,पक्का / कुछ
secret,secret,રહસ્ય,राज़
word,parole,શબ્દ,शब्द
sad,triste,દુઃખી,दुखी
shame,honte,શરમ,शर्म
red,rouge,લાલ,लाल
to clear,dégager,હટાવવું,हटाना
evening / party,soirée,સાંજ / પાર્ટી,शाम / पार्टी
dangerous,dangereux,ખતરનાક,ख़तरनाक
army,armée,સેના,सेना
to slip away,filer,સરકી જવું,खिसक जाना
to risk,risquer,જોખમ લેવું,जोखिम लेना
back,dos,પીઠ,पीठ
call,appel,કૉલ,कॉल
visit,visite,મુલાકાત,मुलाक़ात
to lead,mener,દોરી જવું,ले जाना
flower,fleur,ફૂલ,फूल
to attack,attaquer,હુમલો કરવો,हमला करना
corner,coin,ખૂણો,कोना
prince,prince,રાજકુમાર,राजकुमार
worse,pire,વધુ ખરાબ,बदतर
mess / brothel,bordel,ગરબડ / વેશ્યાગૃહ,गड़बड़ / वेश्यालय
teacher,professeur,શિક્ષક,शिक्षक
to smoke,fumer,સિગારેટ પીવી,सिगरेट पीना
to repeat,répéter,ફરી કહેવું,दोहराना
habit,habitude,આદત,आदत
to sign,signer,સહી કરવી,दस्तख़त करना
to not care,ficher,પરવા ન કરવી,परवाह न करना
answer,réponse,જવાબ,जवाब
to deserve,mériter,લાયક હોવું,लायक़ होना
to join,rejoindre,જોડાવું,जुड़ना
to discuss,discuter,ચર્ચા કરવી,बात करना
village,village,ગામ,गाँव
yet / however,pourtant,છતાં,फिर भी
to move forward,avancer,આગળ વધવું,आगे बढ़ना
bullshit,connerie,બકવાસ,बकवास
to rest,reposer,આરામ કરવો,आराम करना
to escape,échapper,છટકી જવું,बच निकलना
shape,forme,આકાર,आकार
noise,bruit,ઘોંઘાટ,शोर
each one,chacun,દરેક,हर एक
devil,diable,શેતાન,शैतान
example,exemple,ઉદાહરણ,उदाहरण
to load,charger,લાદવું,लादना
cat,chat,બિલાડી,बिल्ली
enemy,ennemi,દુશ્મન,दुश्मन
kid,gamin,છોકરો,बच्चा
appointment,rendez-vous,એપોઇન્ટમેન્ટ,अपॉइंटमेंट
standing,debout,ઊભું,खड़ा
to force,obliger,મજબૂર કરવું,मजबूर करना
hole,trou,કાણું,छेद
idiot / stupid,idiot,મૂરખ,मूर्ख
to accompany,accompagner,સાથે જવું,साथ जाना
window,fenêtre,બારી,खिड़की
to dare,oser,હિંમત કરવી,हिम्मत करना
impression,impression,છાપ,छाप
inside / interior,intérieur,અંદર,अंदर
mouth,bouche,મોઢું,मुँह
line,ligne,લાઇન,लाइन
absolutely,absolument,બિલકુલ,बिल्कुल
soft / sweet,doux,નરમ / મીઠું,नरम / मीठा
to regret,regretter,અફસોસ કરવો,अफ़सोस करना
wall,mur,દીવાલ,दीवार
hell,enfer,નરક,नरक
to prove,prouver,સાબિત કરવું,साबित करना
box,boîte,ડબ્બો,डिब्बा
health,santé,તબિયત,सेहत
dinner,dîner,રાતનું ખાણું,रात का खाना
to cover,couvrir,ઢાંકવું,ढँकना
magnificent,magnifique,શાનદાર,शानदार
to obtain,obtenir,મેળવવું,हासिल करना
kitchen / cooking,cuisine,રસોડું / રસોઈ,रसोई
view,vue,નજારો,नज़ारा
terrible,terrible,ભયાનક,भयानक
skin,peau,ચામડી,त्वचा
to avoid,éviter,ટાળવું,टालना
bastard,salaud,કમીનો,कमीना
advice,conseil,સલાહ,सलाह
to joke,plaisanter,મજાક કરવી,मज़ाक करना
around,autour,આસપાસ,आस-पास
wine,vin,વાઇન,वाइन
exact,exact,સચોટ,सटीक
to fire (dismiss),virer,કાઢી મૂકવું,निकाल देना
to put up with,supporter,સહન કરવું,बरदाश्त करना
to settle,régler,પતાવવું,निपटाना
finger,doigt,આંગળી,उँगली
strange,étrange,વિચિત્ર,विचित्र
thanks to / grace,grâce,ના કારણે / કૃપા,की वजह से / कृपा
to wish,souhaiter,ઇચ્છવું,चाहना
low,bas,નીચું,नीचा
mission,mission,મિશન,मिशन
to create,créer,બનાવવું,बनाना
song,chanson,ગીત,गाना
buddy,pote,દોસ્ત,यार
to keep an eye on,surveiller,દેખરેખ રાખવી,निगरानी करना
simply,simplement,ફક્ત,बस
to start again,recommencer,ફરી શરૂ કરવું,फिर से शुरू करना
dress,robe,ડ્રેસ,पोशाक
hot,chaud,ગરમ,गरम
ticket,billet,ટિકિટ,टिकट
special,spécial,ખાસ,ख़ास
means / average,moyen,સાધન / સરેરાશ,साधन / औसत
vessel,vaisseau,જહાજ,जहाज़
nice,sympa,સરસ,अच्छा
myself,moi-même,હું પોતે,मैं ख़ुद
to cost,coûter,કિંમત હોવી,क़ीमत होना
surprise,surprise,આશ્ચર્ય,हैरानी
post (job) / mail,poste,પદ / ટપાલ,पद / डाक
understood,compris,સમજ્યું,समझा
birthday,anniversaire,જન્મદિવસ,जन्मदिन
sign,signe,નિશાની,निशान
flight / theft,vol,ઉડાન / ચોરી,उड़ान / चोरी
color,couleur,રંગ,रंग
picture,image,તસવીર,तस्वीर
to bet,parier,શરત મારવી,शर्त लगाना
east,est,પૂર્વ,पूर्व
tree,arbre,ઝાડ,पेड़
beer,bière,બિયર,बीयर
fish,poisson,માછલી,मछली
according to,selon,મુજબ,के अनुसार
interest,intérêt,રસ,दिलचस्पी
lieutenant,lieutenant,લેફ્ટનન્ટ,लेफ्टिनेंट
danger,danger,ખતરો,ख़तरा
to belong,appartenir,કોઈનું હોવું,किसी का होना
to notice,remarquer,ધ્યાન આપવું,ध्यान देना
animal,animal,પ્રાણી,जानवर
to miss,rater,ચૂકી જવું,चूकना
to withdraw,retirer,કાઢવું,निकालना
edge,bord,કિનારો,किनारा
to try,tenter,પ્રયત્ન કરવો,कोशिश करना
freedom,liberté,આઝાદી,आज़ादी
rule,règle,નિયમ,नियम
bank,banque,બેંક,बैंक
wonderful,merveilleux,અદ્ભુત,कमाल का
proud,fier,ગર્વિત,गर्वित
to share,partager,વહેંચવું,बाँटना
class,classe,વર્ગ,कक्षा
file,dossier,ફાઇલ,फ़ाइल
to feel,ressentir,અનુભવવું,महसूस करना
happiness,bonheur,ખુશી,ख़ुशी
to defend,défendre,બચાવ કરવો,बचाव करना
goal,but,લક્ષ્ય,मक़सद
gang / strip,bande,ટોળી / પટ્ટી,गिरोह / पट्टी
to tire,fatiguer,થકવવું,थकाना
radio,radio,રેડિયો,रेडियो
to foresee / to plan,prévoir,પહેલેથી વિચારવું / યોજના બનાવવી,पहले से सोचना / योजना बनाना
that one,celui-là,તે વાળો,वह वाला
high / top,haut,ઊંચું,ऊँचा
comrade,camarade,સાથી,साथी
to doubt,douter,શંકા કરવી,शक करना
bird,oiseau,પક્ષી,चिड़िया
wind,vent,પવન,हवा
search,recherche,શોધ,खोज
to appreciate,apprécier,કદર કરવી,क़दर करना
system,système,સિસ્ટમ,सिस्टम
farm / firm,ferme,ખેતર / મજબૂત,खेत / मजबूत
capable,capable,સક્ષમ,क़ाबिल
to flee,fuir,ભાગવું,भागना
boredom / trouble,ennui,કંટાળો / મુશ્કેલી,बोरियत / परेशानी
aunt,tante,કાકી,चाची
hero,héros,હીરો,हीरो
inside,dedans,અંદર,अंदर
excellent,excellent,ઉત્તમ,बढ़िया
pity,pitié,દયા,दया
apartment,appartement,ફ્લેટ,फ़्लैट
to work,bosser,કામ કરવું,काम करना
to breathe,respirer,શ્વાસ લેવો,साँस लेना
whole,entier,આખું,पूरा
to get back,récupérer,પાછું મેળવવું,वापस पाना
pain,douleur,દર્દ,दर्द
to free,libérer,મુક્ત કરવું,आज़ाद करना
feeling,sentiment,ભાવના,भावना
grandfather,grand-père,દાદા,दादा
society / company,société,સમાજ / કંપની,समाज / कंपनी
to throw,lancer,ફેંકવું,फेंकना
nose,nez,નાક,नाक
joy,joie,આનંદ,आनंद
relationship,relation,સંબંધ,रिश्ता
witness,témoin,સાક્ષી,गवाह
half,moitié,અડધું,आधा
actor,acteur,અભિનેતા,अभिनेता
incredible,incroyable,અવિશ્વસનીય,अविश्वसनीय
bath,bain,સ્નાન,स्नान
to last,durer,ટકવું,चलना
market,marché,બજાર,बाज़ार
to wash,laver,ધોવું,धोना
tooth,dent,દાંત,दाँत
in there,là-dedans,એમાં,उसमें
Miss,mademoiselle,કુમારી,कुमारी
address,adresse,સરનામું,पता
cousin,cousin,પિતરાઈ ભાઈ,चचेरा भाई
rich,riche,અમીર,अमीर
company,compagnie,કંપની,कंपनी
to ring,sonner,વાગવું,बजना
shoe,chaussure,બૂટ,जूता
ear,oreille,કાન,कान
grandmother,grand-mère,દાદી,दादी
old / former,ancien,જૂનું / ભૂતપૂર્વ,पुराना / पूर्व
art,art,કલા,कला
to guess,deviner,અંદાજ લગાવવો,अंदाज़ा लगाना
useless,inutile,નકામું,बेकार
to delight,ravir,ખુશ કરવું,ख़ुश करना
joke,blague,મજાક,मज़ाक
future,avenir,ભવિષ્ય,भविष्य
beauty,beauté,સુંદરતા,सुंदरता
leash,laisse,પટ્ટો,पट्टा
race / errand,course,દોડ / ખરીદી,दौड़ / ख़रीदारी
way / manner,manière,રીત,तरीका
to cross,traverser,પાર કરવું,पार करना
experience / experiment,expérience,અનુભવ / પ્રયોગ,अनुभव / प्रयोग
care,soin,સંભાળ,देखभाल
outside of,hors,બહાર,बाहर
courtyard / court,cour,આંગણું / અદાલત,आँगन / अदालत
left,gauche,ડાબું,बायाँ
stupid,stupide,બુદ્ધુ,बुद्धू
to hold back / to remember,retenir,પકડી રાખવું / યાદ રાખવું,थामना / याद रखना
list,liste,યાદી,सूची
to go back up,remonter,ઉપર જવું,ऊपर जाना
to realize / to carry out,réaliser,અહેસાસ થવો / પૂરું કરવું,एहसास होना / पूरा करना
to mock,moquer,મજાક ઉડાવવી,मज़ाक उड़ाना
to study,étudier,ભણવું,पढ़ना
to install,installer,લગાવવું,लगाना
courage,courage,હિંમત,हिम्मत
blue,bleu,વાદળી,नीला
help,secours,મદદ,मदद
middle,milieu,મધ્ય,बीच
to suggest,proposer,સૂચવવું,सुझाना
contact,contact,સંપર્ક,संपर्क
inspector,inspecteur,ઇન્સ્પેક્ટર,इंस्पेक्टर
cute,mignon,પ્યારું,प्यारा
project / plan,projet,પ્રોજેક્ટ / યોજના,प्रोजेक्ट / योजना
probably,probablement,કદાચ,शायद
role,rôle,ભૂમિકા,भूमिका
risk,risque,જોખમ,जोखिम
action,action,કાર્યવાહી,कार्रवाई
angel,ange,દેવદૂત,फ़रिश्ता
advance,avance,પેશગી,पेशगी
among,parmi,વચ્ચે,के बीच
interesting,intéressant,રસપ્રદ,दिलचस्प
language / tongue,langue,ભાષા / જીભ,भाषा / जीभ
to take away,emporter,લઈ જવું,साथ ले जाना
tea,thé,ચા,चाय
which one (feminine),laquelle,કઈ,कौन सी
anger,colère,ગુસ્સો,गुस्सा
departure,départ,પ્રસ્થાન,रवानगी
era,époque,જમાનો,ज़माना
to hire,engager,નોકરીએ રાખવું,नौकरी पर रखना
thief,voleur,ચોર,चोर
to cease,cesser,બંધ કરવું,बंद करना
fault,tort,વાંક,क़सूर
holiday,vacance,રજા,छुट्टी
up there,là-haut,ત્યાં ઉપર,वहाँ ऊपर
machine,machine,મશીન,मशीन
to mean,signifier,અર્થ થવો,मतलब होना
to repair,réparer,રિપેર કરવું,मरम्मत करना
beast / silly,bête,જાનવર / મૂરખ,जानवर / बेवकूफ़
to build,construire,બાંધવું,निर्माण करना
bread,pain,રોટલી,रोटी
bar,bar,બાર,बार
to shit,chier,હગવું,हगना
club,club,ક્લબ,क्लब
summer,été,ઉનાળો,गर्मी
horrible,horrible,ભયંકર,भयंकर
to take advantage,profiter,ફાયદો લેવો,फ़ायदा उठाना
stone,pierre,પથ્થર,पत्थर
to rain,pleuvoir,વરસવું,बरसना
several,plusieurs,ઘણા,कई
bitch,salope,કૂતરી,कुतिया
such,tel,એવું,ऐसा
ice / ice cream,glace,બરફ / આઈસ્ક્રીમ,बर्फ़ / आइसक्रीम
present / current,présent,વર્તમાન / હાજર,वर्तमान / हाज़िर
decision,décision,નિર્ણય,फ़ैसला
judge,juge,જજ,जज
control,contrôle,કાબૂ,क़ाबू
to separate,séparer,અલગ કરવું,अलग करना
seven,sept,સાત,सात
illness,maladie,બીમારી,बीमारी
neighborhood,quartier,વિસ્તાર,मोहल्ला
to desire,désirer,ઇચ્છા કરવી,इच्छा करना
through,travers,આરપાર,आर-पार
damage / a shame,dommage,નુકસાન / અફસોસ,नुक़सान / अफ़सोस
cigarette,cigarette,સિગારેટ,सिगरेट
to drag,traîner,ઘસડવું,घसीटना
to respect,respecter,માન આપવું,इज़्ज़त करना
husband,époux,પતિ,पति
pile,tas,ઢગલો,ढेर
to run away,enfuir,ભાગી જવું,भाग जाना
to run (direct),diriger,ચલાવવું,चलाना
to burst / to die,crever,ફૂટવું / મરી જવું,फटना / मर जाना
thread / wire,fil,દોરો / તાર,धागा / तार
to chase,poursuivre,પીછો કરવો,पीछा करना
fight,combat,લડાઈ,लड़ाई
piece,morceau,ટુકડો,टुकड़ा
church,église,ચર્ચ,गिरजाघर
director,directeur,ડિરેક્ટર,डायरेक्टर
to force,forcer,બળજબરી કરવી,ज़बरदस्ती करना
request / demand,demande,માંગણી,माँग
bomb,bombe,બોમ્બ,बम
which one,lequel,કયું,कौन सा
hope,espoir,આશા,उम्मीद
killer,tueur,હત્યારો,हत्यारा
to grow up,grandir,મોટું થવું,बड़ा होना
Sunday,dimanche,રવિવાર,रविवार
American,américain,અમેરિકન,अमेरिकी
taxi,taxi,ટૅક્સી,टैक्सी
to forbid,interdire,પ્રતિબંધ મૂકવો,पाबंदी लगाना
to lower,baisser,નીચે કરવું,नीचे करना
to bury,enterrer,દફનાવવું,दफ़नाना
to cause,causer,કારણ બનવું,वजह बनना
cool,cool,મસ્ત,मस्त
to survive,survivre,જીવતું રહેવું,ज़िंदा रहना
to order,commander,ઓર્ડર કરવો,ऑर्डर करना
cinema,cinéma,સિનેમા,सिनेमा
match,match,મેચ,मैच
information,information,માહિતી,जानकारी
toilet,toilette,ટૉઇલેટ,टॉयलेट
note,note,નોંધ,नोट
government,gouvernement,સરકાર,सरकार
monster,monstre,રાક્ષસ,राक्षस
supposed to,censé,માનવામાં આવતું,माना जाता
to bore,ennuyer,કંટાળો આપવો,बोर करना
opposite,contraire,ઊલટું,उल्टा
precisely,justement,બરાબર જ,ठीक ही
mountain,montagne,પર્વત,पहाड़
to lend,prêter,ઉછીનું આપવું,उधार देना
solution,solution,ઉકેલ,हल
to clean,nettoyer,સાફ કરવું,साफ़ करना
operation,opération,ઓપરેશન,ऑपरेशन
opportunity,occasion,તક,मौका
to reach,atteindre,પહોંચવું,पहुँचना
to drive,rouler,ચલાવવું,चलाना
to get rid of,débarrasser,છુટકારો મેળવવો,छुटकारा पाना
position,position,સ્થિતિ,स्थिति
patient (sick person) / patient (calm),patient,દર્દી / ધીરજવાળું,मरीज़ / धैर्यवान
brain,cerveau,મગજ,दिमाग़
excuse,excuse,બહાનું,बहाना
ridiculous,ridicule,હાસ્યાસ્પદ,हास्यास्पद
to confess,avouer,કબૂલ કરવું,कबूल करना
garment,vêtement,કપડું,कपड़ा
well (filler),ben,સારું,अच्छा
look,regard,નજર,नज़र
to pity / to complain,plaindre,દયા કરવી / ફરિયાદ કરવી,तरस खाना / शिकायत करना
to fill,remplir,ભરવું,भरना
to control,contrôler,કાબૂ કરવો,काबू करना
planet,planète,ગ્રહ,ग्रह
to hit,taper,મારવું,मारना
lie,mensonge,જૂઠ,झूठ
moon,lune,ચંદ્ર,चाँद
personal / staff,personnel,વ્યક્તિગત / સ્ટાફ,निजी / स्टाफ़
demon,démon,રાક્ષસ,राक्षस
memory,mémoire,યાદશક્તિ,याददाश्त
shop,magasin,દુકાન,दुकान
to phone,téléphoner,ફોન કરવો,फ़ोन करना
empty / emptiness,vide,ખાલી / ખાલીપણું,ख़ाली / ख़ालीपन
to depend,dépendre,આધાર રાખવો,निर्भर करना
garden,jardin,બગીચો,बग़ीचा
nature,nature,કુદરત,कुदरत
trace,trace,નિશાન,निशान
congratulation,félicitation,અભિનંદન,बधाई
to perfect,parfaire,સંપૂર્ણ કરવું,संपूर्ण करना
attack,attaque,હુમલો,हमला
milk,lait,દૂધ,दूध
result,résultat,પરિણામ,नतीजा
truck,camion,ટ્રક,ट्रक
new / nine,neuf,નવું / નવ,नया / नौ
maid,bonne,કામવાળી,नौकरानी
foreigner / foreign,étranger,વિદેશી,विदेशी
arrived,arrivé,આવેલું,आया हुआ
base,base,આધાર,आधार
to send back,renvoyer,પાછું મોકલવું,वापस भेजना
since,puisque,કેમ કે,चूँकि
queen,reine,રાણી,रानी
to set off again,repartir,ફરી નીકળવું,फिर निकलना
to lock up,enfermer,કેદ કરવું,क़ैद करना
perfect,parfait,સંપૂર્ણ,संपूर्ण
drug,drogue,ડ્રગ,ड्रग
right (side),droite,જમણી બાજુ,दाईं तरफ़
crazy,dingue,પાગલ,पागल
eight,huit,આઠ,आठ
pure,pur,શુદ્ધ,शुद्ध
island,île,ટાપુ,द्वीप
to dress,habiller,કપડાં પહેરાવવાં,कपड़े पहनाना
to redo,refaire,ફરીથી કરવું,दोबारा करना
knife,couteau,છરી,चाकू
investigation,enquête,તપાસ,जाँच
taste,goût,સ્વાદ,स्वाद
thought,pensée,વિચાર,विचार
to bother,gêner,તકલીફ આપવી,परेशान करना
some / some people,certains,કેટલાક / કેટલાક લોકો,कुछ / कुछ लोग
intelligent,intelligent,હોશિયાર,होशियार
fed up,marre,કંટાળી ગયું,तंग आ गया
to turn off,éteindre,બંધ કરવું,बंद करना
importance,importance,મહત્ત્વ,महत्व
bottle,bouteille,બોટલ,बोतल
field,champ,ખેતર,खेत
centre,centre,કેન્દ્ર,केंद्र
to bring back,rapporter,પાછું લાવવું,वापस लाना
to trap,coincer,ફસાવવું,फँसाना
misfortune,malheur,કમનસીબી,बदक़िस्मती
miracle,miracle,ચમત્કાર,चमत्कार
sacred,sacré,પવિત્ર,पवित्र
meeting,réunion,મીટિંગ,मीटिंग
act,acte,કૃત્ય,कृत्य
to surprise,surprendre,ચોંકાવવું,चौंकाना
to convince,convaincre,મનાવવું,मनाना
to deliver,livrer,પહોંચાડવું,पहुँचाना
which,quels,કયા,कौन से
bridge,pont,પુલ,पुल
summit,faîte,ટોચ,चोटी
immediately,immédiatement,તરત જ,तुरंत
camera,caméra,કૅમેરા,कैमरा
to judge,juger,ન્યાય કરવો,न्याय करना
way,voie,માર્ગ,मार्ग
member,membre,સભ્ય,सदस्य
neighbour / neighbouring,voisin,પડોશી,पड़ोसी
difference,différence,ફરક,फ़र्क़
detail,détail,વિગત,ब्यौरा
to announce,annoncer,જાહેરાત કરવી,घोषणा करना
forgiveness,pardon,માફી,माफ़ी
about,environ,લગભગ,लगभग
thousand,mille,હજાર,हज़ार
to hate,haïr,ધિક્કારવું,नफ़रत करना
test,test,ટેસ્ટ,टेस्ट
murderer,assassin,ખૂની,हत्यारा
officer,officier,અધિકારી,अफ़सर
close,proche,નજીક,नज़दीक
commander,commandant,કમાન્ડર,कमांडर
to break,briser,તોડવું,तोड़ना
show,spectacle,શો,शो
cake,gâteau,કેક,केक
certainly,certainement,ચોક્કસ,ज़रूर
trade,métier,વ્યવસાય,पेशा
delighted,enchanté,ખુશ,ख़ुश
to hunt,chasser,શિકાર કરવો,शिकार करना
hat,chapeau,ટોપી,टोपी
to attract,attirer,આકર્ષવું,आकर्षित करना
to turn on,allumer,ચાલુ કરવું,चालू करना
respect,respect,આદર,इज़्ज़त
subtitling,sous-titrage,સબટાઇટલિંગ,सबटाइटलिंग
star,étoile,તારો,तारा
charming,charmant,મોહક,मनमोहक
to crush,écraser,કચડવું,कुचलना
knee,genou,ઘૂંટણ,घुटना
great,formidable,જબરદસ્ત,ज़बरदस्त
to pull out,arracher,ઉખેડવું,उखाड़ना
either / or,soit,કાં તો,या तो
sorcerer,sorcier,જાદુગર,जादूगर
faith,foi,શ્રદ્ધા,विश्वास
mine,mien,મારું,मेरा
to smile / smile,sourire,સ્મિત કરવું / સ્મિત,मुस्कुराना / मुस्कान
to invent,inventer,શોધી કાઢવું,ईजाद करना
zone,zone,વિસ્તાર,इलाक़ा
honest,honnête,પ્રામાણિક,ईमानदार
to mix,mêler,ભેળવવું,मिलाना
to annoy,énerver,ચીડવવું,चिढ़ाना
to explode,exploser,વિસ્ફોટ થવો,फटना
reality,réalité,વાસ્તવિકતા,हक़ीक़त
to beg,supplier,આજીજી કરવી,गिड़गिड़ाना
to astonish,étonner,આશ્ચર્ય પમાડવું,हैरान करना
superb,superbe,શાનદાર,शानदार
mean / bad guy,méchant,દુષ્ટ / ખલનાયક,दुष्ट / खलनायक
contract,contrat,કરાર,कॉन्ट्रैक्ट
walk,marche,ચાલ,चाल
to drop off,déposer,મૂકી જવું,छोड़ देना
fate,destin,નસીબ,किस्मत
emergency,urgence,ઇમરજન્સી,इमरजेंसी
to place,placer,મૂકવું,रखना
to replace,remplacer,બદલવું,बदलना
to accuse,accuser,આરોપ મૂકવો,आरोप लगाना
that one (feminine),celle-là,તે,वह
green,vert,લીલું,हरा
ground,terrain,જમીન,ज़मीन
to feed,nourrir,ખવડાવવું,खिलाना
second,second,બીજું,दूसरा
madness,folie,પાગલપણું,पागलपन
to squeeze,presser,નિચોવવું,निचोड़ना
to grant,accorder,મંજૂર કરવું,मंज़ूर करना
to piss off,emmerder,પરેશાન કરવું,तंग करना
back (rear),arrière,પાછળનો ભાગ,पिछला हिस्सा
to move back,reculer,પાછળ હટવું,पीछे हटना
sex,sexe,સેક્સ,सेक्स
to raise,élever,ઉછેરવું,पालना
necessary,nécessaire,જરૂરી,ज़रूरी
trail,piste,પગેરું,पगडंडी
priest,prêtre,પાદરી,पादरी
factory,usine,કારખાનું,कारख़ाना
to hang up,accrocher,લટકાવવું,लटकाना
device,appareil,સાધન,उपकरण
agreed,entendu,મંજૂર,मंज़ूर
fiancé,fiancé,મંગેતર,मंगेतर
suit,costume,સૂટ,सूट
lunch / to have lunch,déjeuner,બપોરનું ભોજન / જમવું,दोपहर का खाना / खाना खाना
to stick,coller,ચીપકાવવું,चिपकाना
code,code,કોડ,कोड
dance,danse,નાચ,नाच
countryside / campaign,campagne,ગ્રામ્ય વિસ્તાર / અભિયાન,देहात / अभियान
intention,intention,ઇરાદો,इरादा
English,anglais,અંગ્રેજી,अंग्रेज़ी
to tighten,serrer,કસવું,कसना
suitcase,valise,સૂટકેસ,सूटकेस
justice,justice,ન્યાય,न्याय
defence,défense,બચાવ,बचाव
halt,arrêt,વિરામ,ठहराव
guilty / culprit,coupable,ગુનેગાર,गुनहगार
level,niveau,સ્તર,स्तर
to train,entraîner,તાલીમ આપવી,ट्रेनिंग देना
bus,bus,બસ,बस
mine (feminine),mienne,મારી,मेरी
nervous,nerveux,ગભરાયેલું,घबराया हुआ
north,nord,ઉત્તર,उत्तर
crisis,crise,સંકટ,संकट
asshole,connard,હરામી,कमीना
least,moindre,સૌથી ઓછું,सबसे कम
painting,tableau,ચિત્ર,चित्र
to sting,piquer,ડંખ મારવો,डंक मारना
to admit,admettre,સ્વીકારવું,मान लेना
restaurant,restaurant,રેસ્ટોરન્ટ,रेस्टोरेंट
treasure,trésor,ખજાનો,ख़ज़ाना
naked,nu,નગ્ન,नंगा
to produce,produire,ઉત્પન્ન કરવું,पैदा करना
grave,tombe,કબર,क़ब्र
pocket,poche,ખિસ્સું,जेब
to threaten,menacer,ધમકી આપવી,धमकी देना
couple,couple,જોડું,जोड़ा
smell,odeur,ગંધ,गंध
to spoil,gâcher,બગાડવું,बिगाड़ना
seen,vu,જોયેલું,देखा हुआ
worry,souci,ચિંતા,चिंता
when,lorsque,જ્યારે,जब
to concern,concerner,સંબંધ હોવો,संबंध रखना
enormous,énorme,વિશાળ,बहुत बड़ा
programme,programme,કાર્યક્રમ,कार्यक्रम
German,allemand,જર્મન,जर्मन
roof,toit,છાપરું,छत
to represent,représenter,પ્રતિનિધિત્વ કરવું,प्रतिनिधित्व करना
such (feminine),telle,એવી,ऐसी
to bless,bénir,આશીર્વાદ આપવો,आशीर्वाद देना
fast,rapide,ઝડપી,तेज़
rifle,fusil,બંદૂક,बंदूक़
pregnant,enceinte,ગર્ભવતી,गर्भवती
meal,repas,ભોજન,भोजन
some (feminine),certaines,કેટલીક,कुछ
watch,montre,ઘડિયાળ,घड़ी
ghost,fantôme,ભૂત,भूत
beach,plage,દરિયાકિનારો,समुद्र तट
to fall asleep,endormir,ઊંઘી જવું,सो जाना
entrance,entrée,પ્રવેશ,प्रवेश
mine (pit),mine,ખાણ,खदान
to rent,louer,ભાડે લેવું,किराए पर लेना
chance,hasard,સંજોગ,संयोग
to treat,soigner,સારવાર કરવી,इलाज करना
hunt,chasse,શિકાર,शिकार
to organise,organiser,આયોજન કરવું,आयोजित करना
exit,sortie,બહાર નીકળવાનો રસ્તો,निकास
exam,examen,પરીક્ષા,परीक्षा
corpse,cadavre,લાશ,लाश
cow,vache,ગાય,गाय
to tidy up,ranger,ગોઠવવું,ठीक से रखना
pass,passe,પાસ,पास
to flow,couler,વહેવું,बहना
to laugh,rigoler,હસવું,हँसना
to commit,commettre,આચરવું,अंजाम देना
floor,sol,ફર્શ,फ़र्श
trendy,in,ફેશનેબલ,फ़ैशनेबल
will,volonté,ઇચ્છા,इच्छा
audience / public,public,પ્રેક્ષક / જાહેર,दर्शक / सार्वजनिक
which (feminine),quelles,કઈ,कौन सी
belly,ventre,પેટ,पेट
to betray,trahir,દગો કરવો,धोखा देना
condition,condition,શરત,शर्त
to manage,débrouiller,પહોંચી વળવું,काम चला लेना
sheriff,shérif,શેરિફ,शेरिफ़
to anger,fâcher,ગુસ્સે કરવું,नाराज़ करना
party (political) / gone,parti,પક્ષ / ગયેલું,पार्टी / गया हुआ
himself,lui-même,પોતે,ख़ुद
Saturday,samedi,શનિવાર,शनिवार
despite,malgré,છતાં,बावजूद
storey,étage,માળ,मंज़िल
source,source,સ્રોત,स्रोत
fresh / expenses,frais,તાજું / ખર્ચ,ताज़ा / ख़र्च
to tie,attacher,બાંધવું,बाँधना
to join,joindre,જોડવું,मिला देना
horror,horreur,દહેશત,दहशत
sexual,sexuel,જાતીય,यौन
rain,pluie,વરસાદ,बारिश
responsible,responsable,જવાબદાર,ज़िम्मेदार
this one,celui-ci,આ,यह
object,objet,વસ્તુ,चीज़
finally,finalement,આખરે,आख़िरकार
yourself,toi-même,તું પોતે,तुम ख़ुद
century,siècle,સદી,सदी
press (media),presse,પ્રેસ,प्रेस
to travel,voyager,મુસાફરી કરવી,सफ़र करना
tear,larme,આંસુ,आँसू
shadow,ombre,પડછાયો,परछाईं
to name,nommer,નામ આપવું,नाम रखना
rat,rat,ઉંદર,चूहा
shout,cri,ચીસ,चीख़
conscience,conscience,અંતરાત્મા,ज़मीर
to search for,rechercher,શોધવું,तलाश करना
perfectly,parfaitement,સંપૂર્ણપણે,बिलकुल
unique,unique,અનોખું,अनोखा
lawsuit,procès,મુકદ્દમો,मुक़दमा
value,valeur,કિંમત,क़ीमत
desire,désir,ઝંખના,ख़्वाहिश
Jew / Jewish,juif,યહૂદી,यहूदी
to obey,obéir,આજ્ઞા પાળવી,आज्ञा मानना
to greet,saluer,નમસ્કાર કરવો,नमस्ते करना
dish (food),mets,વાનગી,व्यंजन
direction,direction,દિશા,दिशा
presence,présence,હાજરી,मौजूदगी
useful,utile,ઉપયોગી,उपयोगी
packet,paquet,પેકેટ,पैकेट
breast,sein,સ્તન,स्तन
food,nourriture,ખોરાક,खाना
to bite,mordre,કરડવું,काटना
fate / spell,sort,નસીબ / જાદુ,किस्मत / जादू
passage,passage,રસ્તો,रास्ता
to cure,guérir,સાજું કરવું,ठीक करना
jealous,jaloux,ઈર્ષ્યાળુ,ईर्ष्यालु
numerous,nombreux,અસંખ્ય,अनेक
sleep,sommeil,ઊંઘ,नींद
useless / no (not any),nul,નકામું / કોઈ નહીં,बेकार / कोई नहीं
weekend,week-end,વીકએન્ડ,वीकेंड
stop,stop,સ્ટોપ,स्टॉप
gun,flingue,પિસ્તોલ,पिस्तौल
article,article,લેખ,लेख
farewell,adieu,વિદાય,विदाई
meat,viande,માંસ,गोश्त
to relax,détendre,આરામ કરવો,आराम करना
to question,interroger,પૂછપરછ કરવી,पूछताछ करना
study,étude,અભ્યાસ,पढ़ाई
to almost do,faillir,થતાં થતાં રહી જવું,होते-होते रह जाना
talent,talent,પ્રતિભા,हुनर
to condemn,condamner,દોષિત ઠરાવવું,दोषी ठहराना
neck,cou,ગરદન,गर्दन
second (2nd),deuxième,બીજું,दूसरा
above,au-dessus,ઉપર,ऊपर
space,espace,જગ્યા,जगह
to appear,apparaître,દેખાવું,दिखाई देना
to mark,marquer,નિશાન કરવું,निशान लगाना
gift,don,ભેટ,तोहफ़ा
to pick up,ramasser,ઉપાડવું,उठाना
military / soldier,militaire,લશ્કરી / સૈનિક,फ़ौजी / सैनिक
castle,château,કિલ્લો,क़िला
shirt,chemise,શર્ટ,कमीज़
metre,mètre,મીટર,मीटर
to bring down,abattre,પાડી નાખવું,गिरा देना
unit,unité,એકમ,इकाई
majesty,majesté,મહારાજ,महाराज
idiot / stupid,imbécile,મૂરખ,बेवकूफ़
police commissioner,commissaire,કમિશનર,कमिश्नर
size,taille,માપ,नाप
knowledge,connaissance,જાણકારી,जानकारी
apparently,apparemment,દેખીતી રીતે,ज़ाहिरा तौर पर
French,français,ફ્રેન્ચ,फ़्रेंच
energy,énergie,ઊર્જા,ऊर्जा
hundred,cent,સો,सौ
dry,sec,સૂકું,सूखा
to consider,considérer,ગણવું,समझना
to hang,pendre,લટકવું,लटकना
cell,cellule,કોટડી,कोठरी
to fight,combattre,લડવું,लड़ना
to own,posséder,ધરાવવું,मालिक होना
speech,discours,ભાષણ,भाषण
to eat,bouffer,ખાવું,खाना
effort,effort,પ્રયત્ન,कोशिश
to observe,observer,ધ્યાનથી જોવું,ग़ौर से देखना
arrival,arrivée,આગમન,आगमन
to overtake,dépasser,આગળ નીકળી જવું,आगे निकल जाना
high school,lycée,હાઈસ્કૂલ,हाई स्कूल
to work (function),fonctionner,કામ કરવું,काम करना
deep,profond,ઊંડું,गहरा
to search,fouiller,ફંફોસવું,तलाशी लेना
apple,pomme,સફરજન,सेब
rest,repos,આરામ,आराम
to taste,goûter,ચાખવું,चखना
conversation,conversation,વાતચીત,बातचीत
to insist,insister,આગ્રહ કરવો,ज़िद करना
station,gare,સ્ટેશન,स्टेशन
to transform,transformer,બદલી નાખવું,बदल देना
to cancel,annuler,રદ કરવું,रद्द करना
fingerprint,empreinte,આંગળીની છાપ,उँगली का निशान
work (artistic),oeuvre,કૃતિ,कृति
to bring together,réunir,એકઠું કરવું,इकट्ठा करना
medicine,médicament,દવા,दवा
wound,blessure,ઘાવ,घाव
to get it,piger,સમજવું,समझना
to punish,punir,સજા કરવી,सज़ा देना
to give up,renoncer,ત્યજી દેવું,त्याग देना
to declare,déclarer,જાહેર કરવું,घोषित करना
tail / queue,queue,પૂંછડી / કતાર,पूँछ / क़तार
to entrust,confier,સોંપવું,सौंपना
theatre,théâtre,થિયેટર,थिएटर
clever,malin,ચતુર,चालाक
lesson,leçon,પાઠ,सबक़
violence,violence,હિંસા,हिंसा
minister,ministre,મંત્રી,मंत्री
to break off,rompre,તોડી નાખવું,तोड़ देना
title,titre,શીર્ષક,शीर्षक
to burst,éclater,ફૂટવું,फूटना
alcohol,alcool,દારૂ,शराब
chicken,poulet,મરઘી,मुर्ग़ी
sin,péché,પાપ,पाप
guest,invité,મહેમાન,मेहमान
to move away,éloigner,દૂર કરવું,दूर करना
short,court,ટૂંકું,छोटा
pig,porc,ભૂંડ,सूअर
to stretch out,allonger,લંબાવવું,लंबा करना
forehead,front,કપાળ,माथा
to press,appuyer,દબાવવું,दबाना
to solve,résoudre,ઉકેલવું,हल करना
gesture,geste,ઇશારો,इशारा
artist,artiste,કલાકાર,कलाकार
bone,os,હાડકું,हड्डी
university,université,યુનિવર્સિટી,यूनिवर्सिटी
driver,chauffeur,ડ્રાઇવર,ड्राइवर
to manufacture,fabriquer,બનાવવું,बनाना
movement,mouvement,હલનચલન,हरकत
brand,marque,બ્રાન્ડ,ब्रांड
pleasant,agréable,સુખદ,सुखद
number,nombre,સંખ્યા,संख्या
otherwise,autrement,નહીં તો,वरना
to swing,balancer,ઝુલાવવું,झुलाना
speed,vitesse,ઝડપ,रफ़्तार
to film,filmer,ફિલ્માવવું,फ़िल्माना
chair,chaise,ખુરશી,कुर्सी
powerful,puissant,શક્તિશાળી,ताक़तवर
open,ouvert,ખુલ્લું,खुला
coat,manteau,કોટ,कोट
joyful,joyeux,આનંદી,आनंदित
to mess around,déconner,મજાક કરવી,मज़ाक करना
saint / holy,saint,સંત / પવિત્ર,संत / पवित्र
natural,naturel,કુદરતી,कुदरती
fortunately,heureusement,સૌભાગ્યે,ख़ुशकिस्मती से
to veil,voiler,ઢાંકવું,ढँकना
birth,naissance,જન્મ,जन्म
to form,former,રચવું,रचना
signal,signal,સંકેત,संकेत
success,succès,સફળતા,सफलता
to concentrate,concentrer,ધ્યાન કેન્દ્રિત કરવું,ध्यान लगाना
girl,nana,છોકરી,लड़की
nurse,infirmier,નર્સ,नर्स
bastard,enfoiré,હરામખોર,हरामी
to raise up,relever,ઊભું કરવું,खड़ा करना
fruit,fruit,ફળ,फल
retirement,retraite,નિવૃત્તિ,रिटायरमेंट
to rape,violer,બળાત્કાર કરવો,बलात्कार करना
page,page,પાનું,पन्ना
egg,oeuf,ઈંડું,अंडा
chest (box),coffre,પેટી,संदूक़
snow,neige,બરફ,बर्फ़
seriously,sérieusement,ગંભીરતાથી,गंभीरता से
star (celebrity),star,સ્ટાર,स्टार
body hair,poil,વાળ,बाल
stupidity,bêtise,મૂર્ખામી,बेवकूफ़ी
innocent,innocent,નિર્દોષ,बेगुनाह
to argue,disputer,ઝઘડવું,झगड़ना
rabbit,lapin,સસલું,ख़रगोश
living room,salon,બેઠકખંડ,बैठक
heat,chaleur,ગરમી,गर्मी
from now on,désormais,હવેથી,अब से
wise,sage,ડાહ્યું,समझदार
Miss,miss,મિસ,मिस
to piss,pisser,પેશાબ કરવો,पेशाब करना
winter,hiver,શિયાળો,सर्दी
to contact,contacter,સંપર્ક કરવો,संपर्क करना
colleague,collègue,સાથીદાર,सहकर्मी
to resist,résister,પ્રતિકાર કરવો,मुक़ाबला करना
to add,ajouter,ઉમેરવું,जोड़ना
to suit,convenir,અનુકૂળ આવવું,मुनासिब होना
chain / channel,chaîne,સાંકળ / ચેનલ,ज़ंजीर / चैनल
ball (testicle),couille,વૃષણ,अंडकोष
weak / weakness,faible,નબળું / નબળાઈ,कमज़ोर / कमज़ोरी
this one (feminine),celle-ci,આ,यह
real,réel,વાસ્તવિક,असली
to move,déplacer,ખસેડવું,खिसकाना
to block,bloquer,રોકવું,रोकना
rope,corde,દોરી,रस्सी
blind,aveugle,આંધળું,अंधा
to identify,identifier,ઓળખવું,पहचानना
midnight,minuit,મધરાત,आधी रात
to watch over,veiller,ધ્યાન રાખવું,निगरानी रखना
politics / political,politique,રાજકારણ / રાજકીય,राजनीति / राजनीतिक
to catch up,rattraper,પકડી પાડવું,पकड़ लेना
to plant,planter,રોપવું,रोपना
half,demi,અડધું,आधा
equal,égal,સમાન,बराबर
student,étudiant,વિદ્યાર્થી,विद्यार्थी
prisoner,prisonnier,કેદી,क़ैदी
till (cash desk),caisse,ગલ્લો,गल्ला
to aim,viser,નિશાન લેવું,निशाना साधना
genius,génie,જીનિયસ,जीनियस
court,tribunal,અદાલત,अदालत
unhappy,malheureux,દુઃખી,दुखी
thousands,millier,હજારો,हज़ारों
lip,lèvre,હોઠ,होंठ
no (feminine),nulle,કોઈ નહીં,कोई नहीं
teacher,prof,શિક્ષક,टीचर
to walk,promener,ફરવા જવું,टहलना
loss,perte,નુકસાન,नुक़सान
light (not heavy),léger,હલકું,हल्का
to avenge,venger,બદલો લેવો,बदला लेना
jacket,veste,જૅકેટ,जैकेट
change,changement,બદલાવ,बदलाव
pilot,pilote,પાયલટ,पायलट
term,terme,શબ્દ,शब्द
careful,prudent,સાવધ,सावधान
trousers,pantalon,પૅન્ટ,पैंट
slave,esclave,ગુલામ,ग़ुलाम
responsibility,responsabilité,જવાબદારી,ज़िम्मेदारी
to inform,informer,જાણ કરવી,सूचित करना
pressure,pression,દબાણ,दबाव
owner,propriétaire,માલિક,मालिक
cursed,maudit,શાપિત,शापित
to link,lier,સાંકળવું,बाँध देना
computer,ordinateur,કમ્પ્યુટર,कंप्यूटर
groom / married,marié,વરરાજા / પરિણીત,दूल्हा / शादीशुदा
iron,fer,લોખંડ,लोहा
flesh,chair,માંસ,मांस
to frighten,effrayer,ડરાવવું,डराना
to celebrate,fêter,ઉજવવું,मनाना
nightmare,cauchemar,ખરાબ સપનું,बुरा सपना
Monday,lundi,સોમવાર,सोमवार
pupil,élève,વિદ્યાર્થી,विद्यार्थी
to grab,saisir,પકડવું,पकड़ना
to involve,impliquer,સામેલ કરવું,शामिल करना
to order,ordonner,આદેશ આપવો,आदेश देना
hen,poule,મરઘી,मुर्गी
friendship,amitié,દોસ્તી,दोस्ती
main,principal,મુખ્ય,मुख्य
favour,faveur,મહેરબાની,एहसान
liar,menteur,જુઠ્ઠો,झूठा
career,carrière,કારકિર્દી,करियर
series,série,સિરીઝ,सीरीज़
to indicate,indiquer,બતાવવું,बताना
lost,perdu,ખોવાયેલો,खोया
private,privé,ખાનગી,निजी
to examine,examiner,તપાસવું,जाँचना
gas,gaz,ગેસ,गैस
buttock,fesse,કૂલો,चूतड़
to stink,puer,વાસ મારવી,बदबू आना
one,l'une,એક,एक
shower,douche,શાવર,शॉवर
to paint,peindre,રંગવું,रंगना
penny,sou,પૈસો,पैसा
to swallow,avaler,ગળવું,निगलना
link,lien,કડી,कड़ी
tired,fatigué,થાકેલો,थका
portable / mobile phone,portable,પોર્ટેબલ / મોબાઇલ,पोर्टेबल / मोबाइल
at the time,lors,તે સમયે,उस समय
funny,marrant,મજેદાર,मज़ेदार
meeting,rencontre,મુલાકાત,मुलाक़ात
to start,démarrer,શરૂ કરવું,शुरू करना
to claim,prétendre,દાવો કરવો,दावा करना
criminal,criminel,ગુનેગાર,अपराधी
bicycle,vélo,સાઇકલ,साइकिल
to support,soutenir,સમર્થન કરવું,समर्थन करना
vision,vision,દૃષ્ટિ,दृष्टि
monkey,singe,વાંદરો,बंदर
towards / reverse side,envers,તરફ / ઊલટી બાજુ,की तरफ़ / उलटी ओर
Russian,russe,રશિયન,रूसी
unfortunately,malheureusement,દુર્ભાગ્યે,दुर्भाग्य से
journalist,journaliste,પત્રકાર,पत्रकार
glory,gloire,ગૌરવ,गौरव
sum,somme,રકમ,रकम
creature,créature,પ્રાણી,प्राणी
noon,midi,બપોર,दोपहर
continuous,continue,સતત,लगातार
coast / rib,côte,કિનારો / પાંસળી,तट / पसली
frankly,franchement,સાચું કહું તો,सच कहूँ तो
lover,amant,પ્રેમી,प्रेमी
champion,champion,ચેમ્પિયન,चैंपियन
victory,victoire,જીત,जीत
to demand,exiger,માંગ કરવી,माँग करना
worried,inquiet,ચિંતિત,चिंतित
awful,affreux,ભયાનક,भयानक
forest,forêt,જંગલ,जंगल
to visit,visiter,જોવા જવું,देखने जाना
hunter,chasseur,શિકારી,शिकारी
pistol,pistolet,પિસ્તોલ,पिस्तौल
to bleed,saigner,લોહી નીકળવું,खून बहना
grass,herbe,ઘાસ,घास
dive bar,bouge,ગંદો અડ્ડો,गंदा अड्डा
identity,identité,ઓળખ,पहचान
to slip,glisser,લપસવું,फिसलना
those,celles,તે,वे
old,vieil,જૂનો,पुराना
blunder,gaffe,ભૂલ,ग़लती
national,national,રાષ્ટ્રીય,राष्ट्रीय
paw,patte,પંજો,पंजा
to catch sight of,apercevoir,જોઈ લેવું,देख लेना
offer,offre,ઑફર,ऑफ़र
border,frontière,સરહદ,सरहद
weight,poids,વજન,वज़न
social,social,સામાજિક,सामाजिक
blanket,couverture,ધાબળો,कंबल
curious,curieux,જિજ્ઞાસુ,जिज्ञासु
to book,réserver,બુક કરવું,बुक करना
universe,univers,બ્રહ્માંડ,ब्रह्मांड
to provoke,provoquer,ભડકાવવું,भड़काना
during,durant,દરમિયાન,के दौरान
police officer,policier,પોલીસવાળો,पुलिसवाला
to tremble,trembler,ધ્રૂજવું,काँपना
to annoy,embêter,પરેશાન કરવું,परेशान करना
opinion,opinion,અભિપ્રાય,राय
to confirm,confirmer,પુષ્ટિ કરવી,पुष्टि करना
passion,passion,જુસ્સો,जुनून
power,puissance,શક્તિ,शक्ति
engine,moteur,એન્જિન,इंजन
wealth,fortune,સંપત્તિ,दौलत
record,disque,રેકોર્ડ,रिकॉर्ड
to participate,participer,ભાગ લેવો,भाग लेना
target,cible,નિશાન,निशाना
idiot,crétin,બેવકૂફ,बेवकूफ़
wing,aile,પાંખ,पंख
glasses,lunette,ચશ્માં,चश्मा
rare,rare,દુર્લભ,दुर्लभ
petrol,essence,પેટ્રોલ,पेट्रोल
paradise,paradis,સ્વર્ગ,स्वर्ग
to disappoint,décevoir,નિરાશ કરવું,निराश करना
ruined,foutu,બરબાદ,बर्बाद
to react,réagir,પ્રતિક્રિયા આપવી,प्रतिक्रिया देना
to scream,hurler,ચીસ પાડવી,चीखना
airport,aéroport,એરપોર્ટ,हवाई अड्डा
trap,piège,જાળ,जाल
gay (slur),pédé,સમલૈંગિક (ગાળ),समलैंगिक (गाली)
hatred,haine,નફરત,नफ़रत
to record,enregistrer,રેકોર્ડ કરવું,रिकॉर्ड करना
yours,vôtre,તમારું,आपका
cup,coupe,પ્યાલો,प्याला
childhood,enfance,બાળપણ,बचपन
science,science,વિજ્ઞાન,विज्ञान
authority,autorité,અધિકાર,अधिकार
ball,ballon,દડો,गेंद
load,charge,બોજ,बोझ
park,parc,પાર્ક,पार्क
zero,zéro,શૂન્ય,शून्य
sword,épée,તલવાર,तलवार
limit,limite,મર્યાદા,सीमा
exchange,échange,અદલાબદલી,अदला-बदली
to set,fixer,નક્કી કરવું,तय करना
ease,aise,આરામ,आराम
prayer,prière,પ્રાર્થના,प्रार्थना
river,rivière,નદી,नदी
to reveal,révéler,ખુલાસો કરવો,खुलासा करना
obvious,évident,સ્પષ્ટ,स्पष्ट
champagne,champagne,શેમ્પેન,शैंपेन
Friday,vendredi,શુક્રવાર,शुक्रवार
suspect,suspect,શંકાસ્પદ,संदिग्ध
button,bouton,બટન,बटन
shoulder,épaule,ખભો,कंधा
to move house,déménager,ઘર બદલવું,घर बदलना
cassette,cassette,કેસેટ,कैसेट
to admire,admirer,પ્રશંસા કરવી,प्रशंसा करना
theory,théorie,થિયરી,थ्योरी
style,style,સ્ટાઇલ,स्टाइल
programme,émission,કાર્યક્રમ,कार्यक्रम
stairs,escalier,સીડી,सीढ़ी
cheek,joue,ગાલ,गाल
soup,soupe,સૂપ,सूप
promise,promesse,વચન,वादा
snake,serpent,સાપ,साँप
also,également,પણ,भी
boot,botte,બૂટ,बूट
measure,mesure,માપ,नाप
to advise / adviser,conseiller,સલાહ આપવી / સલાહકાર,सलाह देना / सलाहकार
shooting,tir,ગોળીબાર,गोलीबारी
stake,mise,દાવ,दाँव
cheque,chèque,ચેક,चेक
battle,bataille,લડાઈ,लड़ाई
sugar,sucre,ખાંડ,चीनी
to welcome,accueillir,સ્વાગત કરવું,स्वागत करना
to teach,enseigner,શીખવવું,पढ़ाना
to dive,plonger,ડૂબકી મારવી,डुबकी लगाना
season,saison,મોસમ,मौसम
assistant,assistant,સહાયક,सहायक
guard,gardien,ચોકીદાર,चौकीदार
to get used to,habituer,આદત પાડવી,आदत डालना
dark,sombre,અંધારું,अँधेरा
to kill,buter,મારી નાખવું,मार डालना
thirst,soif,તરસ,प्यास
asshole (vulgar),enculé,હરામી,हरामी
explanation,explication,સ્પષ્ટતા,स्पष्टीकरण
port,port,બંદર,बंदरगाह
fashion,mode,ફેશન,फ़ैशन
famous,célèbre,પ્રખ્યાત,मशहूर
to fart,péter,પાદવું,पादना
concert,concert,કોન્સર્ટ,कॉन्सर्ट
character,personnage,પાત્ર,किरदार
precise,précis,સચોટ,सटीक
distance,distance,અંતર,दूरी
urgent,urgent,તાકીદનું,बहुत ज़रूरी
medical,médical,મેડિકલ,मेडिकल
shock,choc,આઘાત,सदमा
date,date,તારીખ,तारीख़
order,commande,ઓર્ડર,ऑर्डर
beautiful,bel,સુંદર,सुंदर
cemetery,cimetière,કબ્રસ્તાન,कब्रिस्तान
to borrow,emprunter,ઉછીનું લેવું,उधार लेना
mood,humeur,મૂડ,मूड
to note,noter,નોંધવું,नोट करना
secretary,secrétaire,સેક્રેટરી,सेक्रेटरी
to pour,verser,રેડવું,डालना
pig,cochon,ભૂંડ,सूअर
permission,permission,પરવાનગી,इजाज़त
lake,lac,તળાવ,झील
to spend,dépenser,ખર્ચ કરવો,खर्च करना
garbage,ordure,કચરો,कचरा
chocolate,chocolat,ચોકલેટ,चॉकलेट
uniform,uniforme,યુનિફોર્મ,वर्दी
task,tâche,કામ,काम
job,emploi,નોકરી,नौकरी
troop,troupe,ટુકડી,टुकड़ी
brave,brave,બહાદુર,बहादुर
on that,là-dessus,એના પર,उस पर
throat,gorge,ગળું,गला
to murder,assassiner,ખૂન કરવું,क़त्ल करना
to warn,avertir,ચેતવણી આપવી,चेतावनी देना
employee,employé,કર્મચારી,कर्मचारी
revolver,revolver,રિવોલ્વર,रिवॉल्वर
to confront,affronter,સામનો કરવો,सामना करना
to address,adresser,સંબોધવું,संबोधित करना
to empty,vider,ખાલી કરવું,खाली करना
ball,boule,ગોળો,गोला
patience,patience,ધીરજ,सब्र
to fail,échouer,નિષ્ફળ જવું,नाकाम होना
new,nouvel,નવો,नया
to attend,assister,હાજર રહેવું,उपस्थित रहना
breed,race,જાતિ,नस्ल
eternal,éternel,શાશ્વત,शाश्वत
third,troisième,ત્રીજો,तीसरा
to parry,parer,વાર રોકવો,वार रोकना
double,double,બમણું,दुगुना
sonny,fiston,દીકરો,बेटा
wolf,loup,વરુ,भेड़िया
threat,menace,ધમકી,धमकी
to swim,nager,તરવું,तैरना
dawn,aube,પરોઢ,भोर
ring,bague,વીંટી,अँगूठी
to authorise,autoriser,પરવાનગી આપવી,इजाज़त देना
to eliminate,éliminer,ખતમ કરવું,ख़त्म करना
cloud,nuage,વાદળ,बादल
to dash,foncer,ઝડપથી જવું,तेज़ी से जाना
dance party,bal,ડાન્સ પાર્ટી,डांस पार्टी
dish / flat,plat,વાનગી / સપાટ,पकवान / सपाट
whisky,whisky,વ્હિસ્કી,व्हिस्की
worse,pis,વધુ ખરાબ,बदतर
to undergo,subir,ભોગવવું,भुगतना
nerve,nerf,નસ,नस
leaf,feuille,પાન,पत्ता
to commit suicide,suicider,આત્મહત્યા કરવી,आत्महत्या करना
to contain,contenir,સમાવવું,समाना
to hesitate,hésiter,અચકાવું,हिचकिचाना
sport,sport,રમત,खेल
building,immeuble,ઇમારત,इमारत
to express,exprimer,વ્યક્ત કરવું,व्यक्त करना
suffering,souffrance,પીડા,पीड़ा
perfume,parfum,પરફ્યુમ,परफ़्यूम
to draw,dessiner,ચિત્ર દોરવું,चित्र बनाना
near,auprès,પાસે,के पास
lab,labo,લેબ,लैब
shiny,brillant,ચમકતું,चमकदार
pot,pot,વાસણ,बरतन
cabbage,chou,કોબી,पत्तागोभी
to increase,augmenter,વધારવું,बढ़ाना
insurance,assurance,વીમો,बीमा
to arm,armer,હથિયાર આપવું,हथियार देना
station,station,સ્ટેશન,स्टेशन
luggage,bagage,સામાન,सामान
adventure,aventure,સાહસ,रोमांच
college,fac,કૉલેજ,कॉलेज
to vote,voter,મત આપવો,वोट देना
drawing,dessin,ચિત્ર,चित्र
citizen,citoyen,નાગરિક,नागरिक
to operate,opérer,ઓપરેશન કરવું,ऑपरेशन करना
to denounce,dénoncer,ચાડી ખાવી,मुख़बिरी करना
more,davantage,વધારે,ज़्यादा
palace,palais,મહેલ,महल
painting,peinture,પેઇન્ટિંગ,पेंटिंग
access,accès,પહોંચ,पहुँच
twenty,vingt,વીસ,बीस
housework,ménage,ઘરકામ,घर का काम
heavy,lourd,ભારે,भारी
prosecutor,procureur,સરકારી વકીલ,सरकारी वकील
seat,siège,સીટ,सीट
real,véritable,અસલી,असली
amusing,amusant,મનોરંજક,मनोरंजक
next day,lendemain,બીજો દિવસ,अगला दिन
to reassure,rassurer,દિલાસો આપવો,दिलासा देना
treatment,traitement,સારવાર,इलाज
about a hundred,centaine,સોએક,सैकड़ा
delicious,délicieux,સ્વાદિષ્ટ,स्वादिष्ट
complete,complet,પૂરું,पूरा
mask,masque,મહોરું,मुखौटा
corridor,couloir,કૉરિડોર,गलियारा
quality,qualité,ગુણવત્તા,गुणवत्ता
cross,croix,ક્રોસ,क्रॉस
escape / leak,fuite,ફરાર / ગળતર,फ़रार / रिसाव
to satisfy,contenter,ખુશ કરવું,खुश करना
to erase,effacer,ભૂંસવું,मिटाना
to suggest,suggérer,સૂચન કરવું,सुझाव देना
cruel,cruel,ક્રૂર,क्रूर
home,foyer,ઘર,घर
to shine,briller,ચમકવું,चमकना
cease,cesse,વિરામ,विराम
to cross,croiser,પાર કરવું,पार करना
to fly away,envoler,ઊડી જવું,उड़ जाना
next,suivant,પછીનો,अगला
product,produit,ઉત્પાદન,उत्पाद
attempt,essai,પ્રયત્ન,कोशिश
ugly,moche,કદરૂપું,बदसूरत
youth,jeunesse,યુવાની,जवानी
noble,noble,ઉમદા,नेक
courageous,courageux,હિંમતવાળો,हिम्मती
totally,totalement,સંપૂર્ણપણે,पूरी तरह
job,job,જોબ,जॉब
skull,crâne,ખોપરી,खोपड़ी
wish,voeu,ઇચ્છા,इच्छा
event,événement,ઘટના,घटना
to shave,raser,દાઢી કરવી,शेव करना
partner,partenaire,સાથી,साथी
to suffocate,étouffer,ગૂંગળાવવું,दम घोंटना
player,joueur,ખેલાડી,खिलाड़ी
company,entreprise,કંપની,कंपनी
to delay,tarder,મોડું કરવું,देर करना
mirror,miroir,આરસી,आईना
to blow,souffler,ફૂંકવું,फूँकना
to describe,décrire,વર્ણન કરવું,वर्णन करना
revenge,vengeance,બદલો,बदला
grip,prise,પકડ,पकड़
reasonable,raisonnable,સમજદાર,समझदार
break,pause,બ્રેક,ब्रेक
obviously,évidemment,દેખીતી રીતે,ज़ाहिर तौर पर
oneself,soi,પોતે,ख़ुद
row,rang,હરોળ,क़तार
credit,crédit,ઉધાર,उधार
yourself,vous-même,તમે પોતે,आप ख़ुद
mayor,maire,મેયર,मेयर
region,région,વિસ્તાર,इलाक़ा
kid,môme,છોકરું,बच्चा
to hang up,raccrocher,ફોન મૂકવો,फ़ोन रखना
origin,origine,મૂળ,मूल
drop,goutte,ટીપું,बूँद
mystery,mystère,રહસ્ય,रहस्य
approach,approche,આગમન,आगमन
much,grand-chose,બહુ કંઈ,ज़्यादा कुछ
to excite,exciter,ઉત્તેજિત કરવું,उत्तेजित करना
to spit,cracher,થૂંકવું,थूकना
to report,signaler,જાણ કરવી,सूचित करना
to reduce,réduire,ઘટાડવું,कम करना
spring,printemps,વસંત,बसंत
to defeat,vaincre,હરાવવું,हराना
crowd,foule,ભીડ,भीड़
finished,fini,ખતમ,ख़त्म
west,ouest,પશ્ચિમ,पश्चिम
kingdom,royaume,રાજ્ય,राज्य
studio,studio,સ્ટુડિયો,स्टूडियो
to pay back,rembourser,પૈસા પાછા આપવા,पैसे लौटाना
hundred,cents,સો,सौ
come,venu,આવેલો,आया
desert,désert,રણ,रेगिस्तान
flea,puce,ચાંચડ,पिस्सू
imagination,imagination,કલ્પના,कल्पना
garment,habit,કપડું,कपड़ा
doll,poupée,ઢીંગલી,गुड़िया
building,bâtiment,મકાન,भवन
spy,espion,જાસૂસ,जासूस
ambulance,ambulance,એમ્બ્યુલન્સ,एम्बुलेंस
sale,vente,વેચાણ,बिक्री
done for,fichu,તબાહ,तबाह
to manage,gérer,સંભાળવું,संभालना
to divorce,divorcer,છૂટાછેડા લેવા,तलाक़ लेना
to interrupt,interrompre,અટકાવવું,टोकना
favourite,préféré,મનપસંદ,पसंदीदा
to exchange,échanger,અદલાબદલી કરવી,अदला-बदली करना
count,comte,સામંત,सामंत
extraordinary,extraordinaire,અસાધારણ,असाधारण
sergeant,sergent,સાર્જન્ટ,सार्जेंट
funeral,enterrement,અંતિમ સંસ્કાર,अंतिम संस्कार
suicide,suicide,આત્મહત્યા,आत्महत्या
change (money),monnaie,છૂટા પૈસા,छुट्टे पैसे
to drown,noyer,ડુબાડવું,डुबाना
figure,chiffre,આંકડો,अंक
vampire,vampire,વેમ્પાયર,वैम्पायर
to conclude,conclure,તારણ કાઢવું,निष्कर्ष निकालना
to spot,repérer,શોધી કાઢવું,पता लगाना
cheese,fromage,પનીર,पनीर
to park,garer,પાર્ક કરવું,पार्क करना
coward,lâche,કાયર,कायर
to cook,cuisiner,રસોઈ કરવી,खाना बनाना
poem,poème,કવિતા,कविता
to bang,cogner,ઠોકવું,ठोकना
ray,rayon,કિરણ,किरण
jail,taule,જેલ,जेल
breath,souffle,શ્વાસ,साँस
licence,permis,લાઇસન્સ,लाइसेंस
flame,flamme,જ્યોત,लौ
magical,magique,જાદુઈ,जादुई
to exaggerate,exagérer,અતિશયોક્તિ કરવી,बढ़ा-चढ़ाकर कहना
to insult,insulter,અપમાન કરવું,अपमान करना
to come back / to iron,repasser,ફરી આવવું / ઇસ્ત્રી કરવી,फिर आना / इस्तरी करना
fantastic,fantastique,શાનદાર,शानदार
formerly,autrefois,પહેલાં,पहले
easily,facilement,સરળતાથી,आसानी से
sexy,sexy,સેક્સી,सेक्सी
sensitive,sensible,સંવેદનશીલ,संवेदनशील
directly,directement,સીધું,सीधे
pipe,tuyau,પાઇપ,पाइप
to land,atterrir,ઉતરવું,उतरना
to block,barrer,રોકવું,रोकना
to beware,méfier,સાવધ રહેવું,सावधान रहना
Italian,italien,ઇટાલિયન,इतालवी
half hour,demi-heure,અડધો કલાક,आधा घंटा
to hold out / tender,tendre,લંબાવવું / કોમળ,बढ़ाना / कोमल
healthy,sain,તંદુરસ્ત,सेहतमंद
bet,pari,શરત,शर्त
mistress,maîtresse,પ્રેમિકા,प्रेमिका
to inspire,inspirer,પ્રેરણા આપવી,प्रेरित करना
asylum,asile,શરણ,शरण
divine,divin,દિવ્ય,दिव्य
shop,boutique,દુકાન,दुकान
armed,armé,સશસ્ત્ર,हथियारबंद
sector,secteur,ક્ષેત્ર,क्षेत्र
quickly,rapidement,જલદી,जल्दी
to board,embarquer,સવાર થવું,सवार होना
slowly,lentement,ધીમે,धीरे
to tear,déchirer,ફાડવું,फाड़ना
chest,poitrine,છાતી,छाती
salary,salaire,પગાર,तनख़्वाह
to bathe,baigner,નહાવું,नहाना
reaction,réaction,પ્રતિક્રિયા,प्रतिक्रिया
dick (vulgar),bite,લંડ,लंड
hostage,otage,બાનમાં લીધેલો,बंधक
hill,colline,ટેકરી,पहाड़ी
to spare,épargner,બચાવવું,बचाना
to establish,établir,સ્થાપવું,स्थापित करना
television,télévision,ટેલિવિઝન,टेलीविज़न
principle,principe,સિદ્ધાંત,सिद्धांत
traitor,traître,ગદ્દાર,गद्दार
emotion,émotion,ભાવના,भावना
future,futur,ભવિષ્ય,भविष्य
my lord,monseigneur,મહારાજ,महाराज
yours,tien,તારું,तेरा
explosion,explosion,ધડાકો,धमाका
debt,dette,દેવું,क़र्ज़
to vomit,vomir,ઉલટી કરવી,उल्टी करना
Thursday,jeudi,ગુરુવાર,गुरुवार
virgin,vierge,કુંવારો,कुँवारा
to gather,rassembler,એકઠું કરવું,इकट्ठा करना
adorable,adorable,પ્યારું,प्यारा
shelter,abri,આશરો,पनाह
song,chant,ગીત,गाना
to see home,raccompagner,મૂકવા જવું,छोड़ने जाना
first name,prénom,પહેલું નામ,पहला नाम
possibility,possibilité,શક્યતા,संभावना
lamp,lampe,લેમ્પ,लैंप
to compare,comparer,સરખામણી કરવી,तुलना करना
portrait,portrait,તસવીર,तस्वीर
superior / boss,supérieur,ઉચ્ચ / અધિકારી,उच्च / अफ़सर
copy,copie,નકલ,नक़ल
deaf,sourd,બહેરો,बहरा
to provide,fournir,પૂરું પાડવું,मुहैया कराना
to sacrifice,sacrifier,બલિદાન આપવું,क़ुर्बान करना
to show up,débarquer,આવી ચડવું,आ धमकना
magic,magie,જાદુ,जादू
period,période,સમયગાળો,अवधि
ad,pub,જાહેરાત,विज्ञापन
towel,serviette,ટુવાલ,तौलिया
moron,abruti,ગધેડો,गधा
pretence,semblant,દેખાડો,दिखावा
emperor,empereur,સમ્રાટ,सम्राट
to torture,torturer,ત્રાસ આપવો,यातना देना
passport,passeport,પાસપોર્ટ,पासपोर्ट
outside,extérieur,બહાર,बाहर
toy,jouet,રમકડું,खिलौना
info,info,માહિતી,जानकारी
to point,pointer,ઇશારો કરવો,इशारा करना
to struggle,lutter,સંઘર્ષ કરવો,संघर्ष करना
to register,inscrire,નોંધાવવું,दर्ज करना
to exhaust,épuiser,થકવવું,थकाना
yours,tienne,તારી,तेरी
murderer,meurtrier,ખૂની,हत्यारा
lift,ascenseur,લિફ્ટ,लिफ़्ट
furious,furieux,ક્રોધિત,क्रोधित
worthy,digne,લાયક,योग्य
crap,saloperie,ગંદકી,गंदगी
equipment,matériel,સાધન,उपकरण
garage,garage,ગેરેજ,गैराज
warrant,mandat,વોરંટ,वारंट
sand,sable,રેતી,रेत
motorbike,moto,મોટરસાઇકલ,मोटरसाइकिल
face,figure,ચહેરો,चेहरा
to bring closer,rapprocher,નજીક લાવવું,नज़दीक लाना
to crown,sacrer,તાજ પહેરાવવો,ताज पहनाना
fall,chute,પતન,पतन
to unite,unir,એક કરવું,एकजुट करना
to dig,creuser,ખોદવું,खोदना
to satisfy,satisfaire,સંતોષવું,संतुष्ट करना
in a hurry,pressé,ઉતાવળમાં,जल्दी में
to pass on,transmettre,પહોંચાડવું,पहुँचाना
common,commun,સામાન્ય,आम
wait,attente,રાહ,इंतज़ार
model,modèle,મોડેલ,मॉडल
deal,donne,વહેંચણી,बाँट
to carry out,exécuter,અમલ કરવો,अंजाम देना
glove,gant,હાથમોજું,दस्ताना
high,élevé,ઊંચું,ऊँचा
to accomplish,accomplir,પૂરું કરવું,पूरा करना
revolution,révolution,ક્રાંતિ,क्रांति
fever,fièvre,તાવ,बुख़ार
to pick up,décrocher,ફોન ઉપાડવો,फ़ोन उठाना
to pronounce,prononcer,ઉચ્ચાર કરવો,उच्चारण करना
violent,violent,હિંસક,हिंसक
existence,existence,અસ્તિત્વ,अस्तित्व
to impress,impressionner,પ્રભાવિત કરવું,प्रभावित करना
particular,particulier,ખાસ,ख़ास
ocean,océan,મહાસાગર,महासागर
method,méthode,તરીકો,तरीक़ा
to deny,nier,ઇનકાર કરવો,इनकार करना
